<?xml version="1.0" encoding="UTF-8" standalone="no" ?>
<COLLADA xmlns="http://www.collada.org/2005/11/COLLADASchema" version="1.4.1">
    <asset>
        <contributor>
            <authoring_tool>SketchUp 6.4.112</authoring_tool>
        </contributor>
        <created>2019-12-07T05:42:09Z</created>
        <modified>2019-12-07T05:42:09Z</modified>
        <unit meter="0.0254" name="inch" />
        <up_axis>Z_UP</up_axis>
    </asset>
    <library_cameras>
        <camera id="ID1" name="skp_camera_Last_Saved_SketchUp_View">
            <optics>
                <technique_common>
                    <perspective>
                        <yfov>35</yfov>
                        <aspect_ratio>0</aspect_ratio>
                        <znear>1</znear>
                        <zfar>1000</zfar>
                    </perspective>
                </technique_common>
            </optics>
        </camera>
    </library_cameras>
    <library_visual_scenes>
        <visual_scene id="ID2">
            <node name="SketchUp">
                <instance_geometry url="#ID3">
                    <bind_material>
                        <technique_common>
                            <instance_material symbol="Material2" target="#ID5">
                                <bind_vertex_input semantic="UVSET0" input_semantic="TEXCOORD" input_set="0" />
                            </instance_material>
                            <instance_material symbol="Material3" target="#ID11">
                                <bind_vertex_input semantic="UVSET0" input_semantic="TEXCOORD" input_set="0" />
                            </instance_material>
                            <instance_material symbol="Material4" target="#ID12">
                                <bind_vertex_input semantic="UVSET0" input_semantic="TEXCOORD" input_set="0" />
                            </instance_material>
                        </technique_common>
                    </bind_material>
                </instance_geometry>
                <instance_geometry url="#ID17">
                    <bind_material>
                        <technique_common>
                            <instance_material symbol="Material2" target="#ID11">
                                <bind_vertex_input semantic="UVSET0" input_semantic="TEXCOORD" input_set="0" />
                            </instance_material>
                            <instance_material symbol="Material3" target="#ID18">
                                <bind_vertex_input semantic="UVSET0" input_semantic="TEXCOORD" input_set="0" />
                            </instance_material>
                            <instance_material symbol="Material4" target="#ID12">
                                <bind_vertex_input semantic="UVSET0" input_semantic="TEXCOORD" input_set="0" />
                            </instance_material>
                        </technique_common>
                    </bind_material>
                </instance_geometry>
                <instance_geometry url="#ID32">
                    <bind_material>
                        <technique_common>
                            <instance_material symbol="Material2" target="#ID11">
                                <bind_vertex_input semantic="UVSET0" input_semantic="TEXCOORD" input_set="0" />
                            </instance_material>
                            <instance_material symbol="Material3" target="#ID33">
                                <bind_vertex_input semantic="UVSET0" input_semantic="TEXCOORD" input_set="0" />
                            </instance_material>
                            <instance_material symbol="Material4" target="#ID12">
                                <bind_vertex_input semantic="UVSET0" input_semantic="TEXCOORD" input_set="0" />
                            </instance_material>
                        </technique_common>
                    </bind_material>
                </instance_geometry>
                <instance_geometry url="#ID47">
                    <bind_material>
                        <technique_common>
                            <instance_material symbol="Material2" target="#ID11">
                                <bind_vertex_input semantic="UVSET0" input_semantic="TEXCOORD" input_set="0" />
                            </instance_material>
                            <instance_material symbol="Material3" target="#ID33">
                                <bind_vertex_input semantic="UVSET0" input_semantic="TEXCOORD" input_set="0" />
                            </instance_material>
                            <instance_material symbol="Material4" target="#ID12">
                                <bind_vertex_input semantic="UVSET0" input_semantic="TEXCOORD" input_set="0" />
                            </instance_material>
                        </technique_common>
                    </bind_material>
                </instance_geometry>
                <instance_geometry url="#ID57">
                    <bind_material>
                        <technique_common>
                            <instance_material symbol="Material2" target="#ID5">
                                <bind_vertex_input semantic="UVSET0" input_semantic="TEXCOORD" input_set="0" />
                            </instance_material>
                            <instance_material symbol="Material3" target="#ID11">
                                <bind_vertex_input semantic="UVSET0" input_semantic="TEXCOORD" input_set="0" />
                            </instance_material>
                            <instance_material symbol="Material4" target="#ID12">
                                <bind_vertex_input semantic="UVSET0" input_semantic="TEXCOORD" input_set="0" />
                            </instance_material>
                        </technique_common>
                    </bind_material>
                </instance_geometry>
                <instance_geometry url="#ID65">
                    <bind_material>
                        <technique_common>
                            <instance_material symbol="Material2" target="#ID11">
                                <bind_vertex_input semantic="UVSET0" input_semantic="TEXCOORD" input_set="0" />
                            </instance_material>
                            <instance_material symbol="Material3" target="#ID66">
                                <bind_vertex_input semantic="UVSET0" input_semantic="TEXCOORD" input_set="0" />
                            </instance_material>
                            <instance_material symbol="Material4" target="#ID12">
                                <bind_vertex_input semantic="UVSET0" input_semantic="TEXCOORD" input_set="0" />
                            </instance_material>
                        </technique_common>
                    </bind_material>
                </instance_geometry>
                <instance_geometry url="#ID80">
                    <bind_material>
                        <technique_common>
                            <instance_material symbol="Material2" target="#ID11">
                                <bind_vertex_input semantic="UVSET0" input_semantic="TEXCOORD" input_set="0" />
                            </instance_material>
                            <instance_material symbol="Material3" target="#ID33">
                                <bind_vertex_input semantic="UVSET0" input_semantic="TEXCOORD" input_set="0" />
                            </instance_material>
                            <instance_material symbol="Material4" target="#ID12">
                                <bind_vertex_input semantic="UVSET0" input_semantic="TEXCOORD" input_set="0" />
                            </instance_material>
                        </technique_common>
                    </bind_material>
                </instance_geometry>
                <instance_geometry url="#ID90">
                    <bind_material>
                        <technique_common>
                            <instance_material symbol="Material2" target="#ID11">
                                <bind_vertex_input semantic="UVSET0" input_semantic="TEXCOORD" input_set="0" />
                            </instance_material>
                            <instance_material symbol="Material3" target="#ID33">
                                <bind_vertex_input semantic="UVSET0" input_semantic="TEXCOORD" input_set="0" />
                            </instance_material>
                            <instance_material symbol="Material4" target="#ID12">
                                <bind_vertex_input semantic="UVSET0" input_semantic="TEXCOORD" input_set="0" />
                            </instance_material>
                        </technique_common>
                    </bind_material>
                </instance_geometry>
                <instance_geometry url="#ID100">
                    <bind_material>
                        <technique_common>
                            <instance_material symbol="Material2" target="#ID5">
                                <bind_vertex_input semantic="UVSET0" input_semantic="TEXCOORD" input_set="0" />
                            </instance_material>
                            <instance_material symbol="Material3" target="#ID11">
                                <bind_vertex_input semantic="UVSET0" input_semantic="TEXCOORD" input_set="0" />
                            </instance_material>
                            <instance_material symbol="Material4" target="#ID12">
                                <bind_vertex_input semantic="UVSET0" input_semantic="TEXCOORD" input_set="0" />
                            </instance_material>
                        </technique_common>
                    </bind_material>
                </instance_geometry>
                <instance_geometry url="#ID108">
                    <bind_material>
                        <technique_common>
                            <instance_material symbol="Material2" target="#ID11">
                                <bind_vertex_input semantic="UVSET0" input_semantic="TEXCOORD" input_set="0" />
                            </instance_material>
                            <instance_material symbol="Material3" target="#ID33">
                                <bind_vertex_input semantic="UVSET0" input_semantic="TEXCOORD" input_set="0" />
                            </instance_material>
                            <instance_material symbol="Material4" target="#ID12">
                                <bind_vertex_input semantic="UVSET0" input_semantic="TEXCOORD" input_set="0" />
                            </instance_material>
                        </technique_common>
                    </bind_material>
                </instance_geometry>
                <instance_geometry url="#ID118">
                    <bind_material>
                        <technique_common>
                            <instance_material symbol="Material2" target="#ID11">
                                <bind_vertex_input semantic="UVSET0" input_semantic="TEXCOORD" input_set="0" />
                            </instance_material>
                            <instance_material symbol="Material3" target="#ID18">
                                <bind_vertex_input semantic="UVSET0" input_semantic="TEXCOORD" input_set="0" />
                            </instance_material>
                            <instance_material symbol="Material4" target="#ID12">
                                <bind_vertex_input semantic="UVSET0" input_semantic="TEXCOORD" input_set="0" />
                            </instance_material>
                        </technique_common>
                    </bind_material>
                </instance_geometry>
                <instance_geometry url="#ID128">
                    <bind_material>
                        <technique_common>
                            <instance_material symbol="Material2" target="#ID11">
                                <bind_vertex_input semantic="UVSET0" input_semantic="TEXCOORD" input_set="0" />
                            </instance_material>
                            <instance_material symbol="Material3" target="#ID18">
                                <bind_vertex_input semantic="UVSET0" input_semantic="TEXCOORD" input_set="0" />
                            </instance_material>
                            <instance_material symbol="Material4" target="#ID12">
                                <bind_vertex_input semantic="UVSET0" input_semantic="TEXCOORD" input_set="0" />
                            </instance_material>
                        </technique_common>
                    </bind_material>
                </instance_geometry>
                <instance_geometry url="#ID138">
                    <bind_material>
                        <technique_common>
                            <instance_material symbol="Material2" target="#ID11">
                                <bind_vertex_input semantic="UVSET0" input_semantic="TEXCOORD" input_set="0" />
                            </instance_material>
                            <instance_material symbol="Material3" target="#ID33">
                                <bind_vertex_input semantic="UVSET0" input_semantic="TEXCOORD" input_set="0" />
                            </instance_material>
                            <instance_material symbol="Material4" target="#ID12">
                                <bind_vertex_input semantic="UVSET0" input_semantic="TEXCOORD" input_set="0" />
                            </instance_material>
                        </technique_common>
                    </bind_material>
                </instance_geometry>
                <instance_geometry url="#ID148">
                    <bind_material>
                        <technique_common>
                            <instance_material symbol="Material2" target="#ID11">
                                <bind_vertex_input semantic="UVSET0" input_semantic="TEXCOORD" input_set="0" />
                            </instance_material>
                            <instance_material symbol="Material3" target="#ID33">
                                <bind_vertex_input semantic="UVSET0" input_semantic="TEXCOORD" input_set="0" />
                            </instance_material>
                            <instance_material symbol="Material4" target="#ID12">
                                <bind_vertex_input semantic="UVSET0" input_semantic="TEXCOORD" input_set="0" />
                            </instance_material>
                        </technique_common>
                    </bind_material>
                </instance_geometry>
                <instance_geometry url="#ID158">
                    <bind_material>
                        <technique_common>
                            <instance_material symbol="Material2" target="#ID5">
                                <bind_vertex_input semantic="UVSET0" input_semantic="TEXCOORD" input_set="0" />
                            </instance_material>
                            <instance_material symbol="Material3" target="#ID11">
                                <bind_vertex_input semantic="UVSET0" input_semantic="TEXCOORD" input_set="0" />
                            </instance_material>
                            <instance_material symbol="Material4" target="#ID12">
                                <bind_vertex_input semantic="UVSET0" input_semantic="TEXCOORD" input_set="0" />
                            </instance_material>
                        </technique_common>
                    </bind_material>
                </instance_geometry>
                <instance_geometry url="#ID166">
                    <bind_material>
                        <technique_common>
                            <instance_material symbol="Material2" target="#ID5">
                                <bind_vertex_input semantic="UVSET0" input_semantic="TEXCOORD" input_set="0" />
                            </instance_material>
                            <instance_material symbol="Material3" target="#ID11">
                                <bind_vertex_input semantic="UVSET0" input_semantic="TEXCOORD" input_set="0" />
                            </instance_material>
                            <instance_material symbol="Material4" target="#ID12">
                                <bind_vertex_input semantic="UVSET0" input_semantic="TEXCOORD" input_set="0" />
                            </instance_material>
                        </technique_common>
                    </bind_material>
                </instance_geometry>
                <instance_geometry url="#ID174">
                    <bind_material>
                        <technique_common>
                            <instance_material symbol="Material2" target="#ID5">
                                <bind_vertex_input semantic="UVSET0" input_semantic="TEXCOORD" input_set="0" />
                            </instance_material>
                            <instance_material symbol="Material3" target="#ID11">
                                <bind_vertex_input semantic="UVSET0" input_semantic="TEXCOORD" input_set="0" />
                            </instance_material>
                            <instance_material symbol="Material4" target="#ID12">
                                <bind_vertex_input semantic="UVSET0" input_semantic="TEXCOORD" input_set="0" />
                            </instance_material>
                        </technique_common>
                    </bind_material>
                </instance_geometry>
                <instance_geometry url="#ID182">
                    <bind_material>
                        <technique_common>
                            <instance_material symbol="Material2" target="#ID5">
                                <bind_vertex_input semantic="UVSET0" input_semantic="TEXCOORD" input_set="0" />
                            </instance_material>
                            <instance_material symbol="Material3" target="#ID11">
                                <bind_vertex_input semantic="UVSET0" input_semantic="TEXCOORD" input_set="0" />
                            </instance_material>
                            <instance_material symbol="Material4" target="#ID12">
                                <bind_vertex_input semantic="UVSET0" input_semantic="TEXCOORD" input_set="0" />
                            </instance_material>
                        </technique_common>
                    </bind_material>
                </instance_geometry>
                <instance_geometry url="#ID190">
                    <bind_material>
                        <technique_common>
                            <instance_material symbol="Material2" target="#ID5">
                                <bind_vertex_input semantic="UVSET0" input_semantic="TEXCOORD" input_set="0" />
                            </instance_material>
                            <instance_material symbol="Material3" target="#ID11">
                                <bind_vertex_input semantic="UVSET0" input_semantic="TEXCOORD" input_set="0" />
                            </instance_material>
                            <instance_material symbol="Material4" target="#ID12">
                                <bind_vertex_input semantic="UVSET0" input_semantic="TEXCOORD" input_set="0" />
                            </instance_material>
                        </technique_common>
                    </bind_material>
                </instance_geometry>
                <instance_geometry url="#ID198">
                    <bind_material>
                        <technique_common>
                            <instance_material symbol="Material2" target="#ID5">
                                <bind_vertex_input semantic="UVSET0" input_semantic="TEXCOORD" input_set="0" />
                            </instance_material>
                            <instance_material symbol="Material3" target="#ID11">
                                <bind_vertex_input semantic="UVSET0" input_semantic="TEXCOORD" input_set="0" />
                            </instance_material>
                            <instance_material symbol="Material4" target="#ID12">
                                <bind_vertex_input semantic="UVSET0" input_semantic="TEXCOORD" input_set="0" />
                            </instance_material>
                        </technique_common>
                    </bind_material>
                </instance_geometry>
                <instance_geometry url="#ID206">
                    <bind_material>
                        <technique_common>
                            <instance_material symbol="Material2" target="#ID11">
                                <bind_vertex_input semantic="UVSET0" input_semantic="TEXCOORD" input_set="0" />
                            </instance_material>
                            <instance_material symbol="Material3" target="#ID18">
                                <bind_vertex_input semantic="UVSET0" input_semantic="TEXCOORD" input_set="0" />
                            </instance_material>
                            <instance_material symbol="Material4" target="#ID12">
                                <bind_vertex_input semantic="UVSET0" input_semantic="TEXCOORD" input_set="0" />
                            </instance_material>
                        </technique_common>
                    </bind_material>
                </instance_geometry>
                <instance_geometry url="#ID216">
                    <bind_material>
                        <technique_common>
                            <instance_material symbol="Material2" target="#ID11">
                                <bind_vertex_input semantic="UVSET0" input_semantic="TEXCOORD" input_set="0" />
                            </instance_material>
                            <instance_material symbol="Material3" target="#ID217">
                                <bind_vertex_input semantic="UVSET0" input_semantic="TEXCOORD" input_set="0" />
                            </instance_material>
                            <instance_material symbol="Material4" target="#ID12">
                                <bind_vertex_input semantic="UVSET0" input_semantic="TEXCOORD" input_set="0" />
                            </instance_material>
                        </technique_common>
                    </bind_material>
                </instance_geometry>
                <instance_geometry url="#ID231">
                    <bind_material>
                        <technique_common>
                            <instance_material symbol="Material2" target="#ID11">
                                <bind_vertex_input semantic="UVSET0" input_semantic="TEXCOORD" input_set="0" />
                            </instance_material>
                            <instance_material symbol="Material3" target="#ID18">
                                <bind_vertex_input semantic="UVSET0" input_semantic="TEXCOORD" input_set="0" />
                            </instance_material>
                            <instance_material symbol="Material4" target="#ID12">
                                <bind_vertex_input semantic="UVSET0" input_semantic="TEXCOORD" input_set="0" />
                            </instance_material>
                        </technique_common>
                    </bind_material>
                </instance_geometry>
                <instance_geometry url="#ID241">
                    <bind_material>
                        <technique_common>
                            <instance_material symbol="Material2" target="#ID11">
                                <bind_vertex_input semantic="UVSET0" input_semantic="TEXCOORD" input_set="0" />
                            </instance_material>
                            <instance_material symbol="Material3" target="#ID217">
                                <bind_vertex_input semantic="UVSET0" input_semantic="TEXCOORD" input_set="0" />
                            </instance_material>
                            <instance_material symbol="Material4" target="#ID12">
                                <bind_vertex_input semantic="UVSET0" input_semantic="TEXCOORD" input_set="0" />
                            </instance_material>
                        </technique_common>
                    </bind_material>
                </instance_geometry>
                <instance_geometry url="#ID251">
                    <bind_material>
                        <technique_common>
                            <instance_material symbol="Material2" target="#ID11">
                                <bind_vertex_input semantic="UVSET0" input_semantic="TEXCOORD" input_set="0" />
                            </instance_material>
                            <instance_material symbol="Material3" target="#ID66">
                                <bind_vertex_input semantic="UVSET0" input_semantic="TEXCOORD" input_set="0" />
                            </instance_material>
                            <instance_material symbol="Material4" target="#ID12">
                                <bind_vertex_input semantic="UVSET0" input_semantic="TEXCOORD" input_set="0" />
                            </instance_material>
                        </technique_common>
                    </bind_material>
                </instance_geometry>
                <instance_geometry url="#ID261">
                    <bind_material>
                        <technique_common>
                            <instance_material symbol="Material2" target="#ID11">
                                <bind_vertex_input semantic="UVSET0" input_semantic="TEXCOORD" input_set="0" />
                            </instance_material>
                            <instance_material symbol="Material3" target="#ID66">
                                <bind_vertex_input semantic="UVSET0" input_semantic="TEXCOORD" input_set="0" />
                            </instance_material>
                            <instance_material symbol="Material4" target="#ID12">
                                <bind_vertex_input semantic="UVSET0" input_semantic="TEXCOORD" input_set="0" />
                            </instance_material>
                        </technique_common>
                    </bind_material>
                </instance_geometry>
                <instance_geometry url="#ID271">
                    <bind_material>
                        <technique_common>
                            <instance_material symbol="Material2" target="#ID5">
                                <bind_vertex_input semantic="UVSET0" input_semantic="TEXCOORD" input_set="0" />
                            </instance_material>
                            <instance_material symbol="Material3" target="#ID11">
                                <bind_vertex_input semantic="UVSET0" input_semantic="TEXCOORD" input_set="0" />
                            </instance_material>
                            <instance_material symbol="Material4" target="#ID12">
                                <bind_vertex_input semantic="UVSET0" input_semantic="TEXCOORD" input_set="0" />
                            </instance_material>
                        </technique_common>
                    </bind_material>
                </instance_geometry>
                <node name="skp_camera_Last_Saved_SketchUp_View">
                    <matrix>-0.9984838 0.002882155 -0.05497159 669.0514 -0.0550471 -0.0522786 0.9971142 9337.36 -4.77049e-18 0.9986284 0.05235798 1904.061 0 0 0 1</matrix>
                    <instance_camera url="#ID1" />
                </node>
            </node>
        </visual_scene>
    </library_visual_scenes>
    <library_geometries>
        <geometry id="ID3">
            <mesh>
                <source id="ID6">
                    <float_array id="ID14" count="36">1791.575 1011.024 1334.356 0 0 1334.356 0 1011.024 1334.356 1791.575 0 1334.356 1791.575 0 1334.356 1791.575 1011.024 1334.356 0 0 1334.356 0 1011.024 1334.356 1791.575 1011.024 1334.356 0 1011.024 1334.356 1791.575 0 1334.356 0 0 1334.356</float_array>
                    <technique_common>
                        <accessor count="12" source="#ID14" stride="3">
                            <param name="X" type="float" />
                            <param name="Y" type="float" />
                            <param name="Z" type="float" />
                        </accessor>
                    </technique_common>
                </source>
                <source id="ID7">
                    <float_array id="ID15" count="36">-2.538255e-16 0 -1 -2.538255e-16 0 -1 -2.538255e-16 0 -1 -2.538255e-16 0 -1 2.538255e-16 -0 1 2.538255e-16 -0 1 2.538255e-16 -0 1 2.538255e-16 -0 1 0 0 0 0 0 0 0 0 0 0 0 0</float_array>
                    <technique_common>
                        <accessor count="12" source="#ID15" stride="3">
                            <param name="X" type="float" />
                            <param name="Y" type="float" />
                            <param name="Z" type="float" />
                        </accessor>
                    </technique_common>
                </source>
                <source id="ID8">
                    <Name_array id="ID16" count="0" />
                    <technique_common>
                        <accessor count="0" source="#ID16" stride="1">
                            <param name="skp_material" type="Name" />
                        </accessor>
                    </technique_common>
                </source>
                <vertices id="ID9">
                    <input semantic="POSITION" source="#ID6" />
                    <input semantic="NORMAL" source="#ID7" />
                </vertices>
                <triangles count="2" material="Material2">
                    <input offset="0" semantic="VERTEX" source="#ID9" />
                    <p>0 1 2 1 0 3</p>
                </triangles>
                <triangles count="2" material="Material3">
                    <input offset="0" semantic="VERTEX" source="#ID9" />
                    <p>4 5 6 7 6 5</p>
                </triangles>
                <lines count="4" material="Material4">
                    <input offset="0" semantic="VERTEX" source="#ID9" />
                    <p>8 9 10 8 11 10 9 11</p>
                </lines>
            </mesh>
        </geometry>
        <geometry id="ID17">
            <mesh>
                <source id="ID23">
                    <float_array id="ID28" count="747">1791.575 0 1412.466 0 0 1334.356 1791.575 0 1334.356 0 0 1412.466 0 0 1412.466 1791.575 0 1412.466 0 0 1334.356 1791.575 0 1334.356 1791.575 0 1334.356 1791.575 0 1412.466 0 0 1412.466 0 0 1334.356 1791.575 0 1412.466 0 83.89764 1412.466 0 0 1412.466 68.34646 83.89764 1412.466 1711.024 83.89764 1412.466 1791.575 83.89764 1412.466 1791.575 83.89764 1412.466 1791.575 0 1412.466 1711.024 83.89764 1412.466 68.34646 83.89764 1412.466 0 83.89764 1412.466 0 0 1412.466 1791.575 83.89764 1412.466 1711.024 83.89764 1412.466 68.34646 83.89764 1412.466 0 83.89764 1412.466 1791.575 0 1334.356 1699.213 91.88976 1207.21 1701.378 91.88976 1207.21 87.08661 91.88976 1207.21 0 0 1334.356 0 0 1334.356 1791.575 0 1334.356 87.08661 91.88976 1207.21 1699.213 91.88976 1207.21 1701.378 91.88976 1207.21 87.08661 91.88976 1207.21 1699.213 91.88976 1207.21 1701.378 91.88976 1207.21 1711.024 83.89764 1640.354 68.34646 83.89764 1412.466 1711.024 83.89764 1412.466 68.34646 83.89764 1640.354 68.34646 83.89764 1640.354 1711.024 83.89764 1640.354 68.34646 83.89764 1412.466 1711.024 83.89764 1412.466 1711.024 83.89764 1640.354 68.34646 83.89764 1640.354 1699.213 91.88976 826.0939 1136.35 91.88976 889.8951 1149.048 91.88976 826.0939 1699.213 91.88976 1207.21 1108.269 91.88976 948.5746 1066.549 91.88976 998.4876 1013.783 91.88976 1036.534 953.2465 91.88976 1060.35 888.701 91.88976 1068.456 641.0518 91.88976 889.8951 87.08661 91.88976 826.0939 628.3535 91.88976 826.0939 87.08661 91.88976 1207.21 669.1329 91.88976 948.5746 710.8526 91.88976 998.4876 763.6193 91.88976 1036.534 824.1555 91.88976 1060.35 1699.213 91.88976 1207.21 888.701 91.88976 1068.456 87.08661 91.88976 1207.21 824.1555 91.88976 1060.35 763.6193 91.88976 1036.534 710.8526 91.88976 998.4876 669.1329 91.88976 948.5746 641.0518 91.88976 889.8951 87.08661 91.88976 826.0939 628.3535 91.88976 826.0939 953.2465 91.88976 1060.35 1013.783 91.88976 1036.534 1066.549 91.88976 998.4876 1108.269 91.88976 948.5746 1136.35 91.88976 889.8951 1699.213 91.88976 826.0939 1149.048 91.88976 826.0939 87.08661 91.88976 826.0939 628.3535 91.88976 826.0939 641.0518 91.88976 889.8951 669.1329 91.88976 948.5746 710.8526 91.88976 998.4876 763.6193 91.88976 1036.534 824.1555 91.88976 1060.35 888.701 91.88976 1068.456 953.2465 91.88976 1060.35 1013.783 91.88976 1036.534 1066.549 91.88976 998.4876 1108.269 91.88976 948.5746 1136.35 91.88976 889.8951 1149.048 91.88976 826.0939 1699.213 91.88976 826.0939 628.3535 91.88976 826.0939 641.0518 913.3071 889.8951 641.0518 91.88976 889.8951 628.3535 913.3071 826.0939 628.3535 913.3071 826.0939 628.3535 91.88976 826.0939 641.0518 913.3071 889.8951 641.0518 91.88976 889.8951 641.0518 913.3071 889.8951 628.3535 913.3071 826.0939 669.1329 91.88976 948.5746 669.1329 913.3071 948.5746 669.1329 913.3071 948.5746 669.1329 91.88976 948.5746 669.1329 913.3071 948.5746 710.8526 913.3071 998.4876 710.8526 91.88976 998.4876 710.8526 913.3071 998.4876 710.8526 91.88976 998.4876 710.8526 913.3071 998.4876 763.6193 913.3071 1036.534 763.6193 91.88976 1036.534 763.6193 91.88976 1036.534 763.6193 913.3071 1036.534 763.6193 913.3071 1036.534 824.1555 913.3071 1060.35 824.1555 91.88976 1060.35 824.1555 91.88976 1060.35 824.1555 913.3071 1060.35 824.1555 913.3071 1060.35 888.701 913.3071 1068.456 888.701 91.88976 1068.456 888.701 91.88976 1068.456 888.701 913.3071 1068.456 888.701 913.3071 1068.456 953.2465 913.3071 1060.35 953.2465 91.88976 1060.35 953.2465 91.88976 1060.35 953.2465 913.3071 1060.35 953.2465 913.3071 1060.35 1013.783 913.3071 1036.534 1013.783 91.88976 1036.534 1013.783 91.88976 1036.534 1013.783 913.3071 1036.534 1013.783 913.3071 1036.534 1066.549 913.3071 998.4876 1066.549 91.88976 998.4876 1066.549 91.88976 998.4876 1066.549 913.3071 998.4876 1066.549 913.3071 998.4876 1108.269 91.88976 948.5746 1108.269 913.3071 948.5746 1108.269 913.3071 948.5746 1108.269 91.88976 948.5746 1108.269 913.3071 948.5746 1136.35 91.88976 889.8951 1136.35 913.3071 889.8951 1136.35 913.3071 889.8951 1136.35 91.88976 889.8951 1136.35 913.3071 889.8951 1149.048 91.88976 826.0939 1149.048 913.3071 826.0939 1149.048 913.3071 826.0939 1149.048 91.88976 826.0939 1149.048 913.3071 826.0939 87.08661 913.3071 1207.21 628.3535 913.3071 826.0939 87.08661 913.3071 826.0939 641.0518 913.3071 889.8951 669.1329 913.3071 948.5746 710.8526 913.3071 998.4876 763.6193 913.3071 1036.534 824.1555 913.3071 1060.35 888.701 913.3071 1068.456 1136.35 913.3071 889.8951 1699.213 913.3071 826.0939 1149.048 913.3071 826.0939 1699.213 913.3071 1207.21 1108.269 913.3071 948.5746 1066.549 913.3071 998.4876 1013.783 913.3071 1036.534 953.2465 913.3071 1060.35 87.08661 913.3071 1207.21 888.701 913.3071 1068.456 1699.213 913.3071 1207.21 953.2465 913.3071 1060.35 1013.783 913.3071 1036.534 1066.549 913.3071 998.4876 1108.269 913.3071 948.5746 1136.35 913.3071 889.8951 1699.213 913.3071 826.0939 1149.048 913.3071 826.0939 824.1555 913.3071 1060.35 763.6193 913.3071 1036.534 710.8526 913.3071 998.4876 669.1329 913.3071 948.5746 641.0518 913.3071 889.8951 628.3535 913.3071 826.0939 87.08661 913.3071 826.0939 1699.213 913.3071 826.0939 87.08661 913.3071 826.0939 87.08661 913.3071 1207.21 1699.213 913.3071 1207.21 0 1011.024 1334.356 1699.213 913.3071 1207.21 87.08661 913.3071 1207.21 1791.575 1011.024 1334.356 1791.575 1011.024 1334.356 0 1011.024 1334.356 1699.213 913.3071 1207.21 87.08661 913.3071 1207.21 0 1011.024 1334.356 1791.575 1011.024 1334.356 0 1011.024 1334.356 1791.575 1011.024 1412.466 1791.575 1011.024 1334.356 0 1011.024 1412.466 68.34646 1011.024 1412.466 68.34646 1011.024 1412.466 0 1011.024 1412.466 1791.575 1011.024 1412.466 0 1011.024 1334.356 1791.575 1011.024 1334.356 0 1011.024 1412.466 68.34646 1011.024 1412.466 1791.575 1011.024 1412.466 1711.024 927.8346 1412.466 68.34646 1011.024 1412.466 68.34646 927.8346 1412.466 1791.575 1011.024 1412.466 1791.575 927.8346 1412.466 1791.575 927.8346 1412.466 1711.024 927.8346 1412.466 1791.575 1011.024 1412.466 68.34646 1011.024 1412.466 68.34646 927.8346 1412.466 68.34646 927.8346 1412.466 1711.024 927.8346 1412.466 1791.575 927.8346 1412.466 68.34646 927.8346 1640.354 1711.024 927.8346 1412.466 68.34646 927.8346 1412.466 1711.024 927.8346 1640.354 1711.024 927.8346 1640.354 68.34646 927.8346 1640.354 1711.024 927.8346 1412.466 68.34646 927.8346 1412.466 68.34646 927.8346 1640.354 1711.024 927.8346 1640.354</float_array>
                    <technique_common>
                        <accessor count="249" source="#ID28" stride="3">
                            <param name="X" type="float" />
                            <param name="Y" type="float" />
                            <param name="Z" type="float" />
                        </accessor>
                    </technique_common>
                </source>
                <source id="ID24">
                    <float_array id="ID29" count="747">0 -1 0 0 -1 0 0 -1 0 0 -1 0 -0 1 -0 -0 1 -0 -0 1 -0 -0 1 -0 0 0 0 0 0 0 0 0 0 0 0 0 -0 -0 1 -0 -0 1 -0 -0 1 -0 -0 1 -0 -0 1 -0 -0 1 0 0 -1 0 0 -1 0 0 -1 0 0 -1 0 0 -1 0 0 -1 0 0 0 0 0 0 0 0 0 0 0 0 -8.05259e-17 -0.8104933 -0.5857479 -8.05259e-17 -0.8104933 -0.5857479 -8.05259e-17 -0.8104933 -0.5857479 -8.05259e-17 -0.8104933 -0.5857479 -8.05259e-17 -0.8104933 -0.5857479 8.05259e-17 0.8104933 0.5857479 8.05259e-17 0.8104933 0.5857479 8.05259e-17 0.8104933 0.5857479 8.05259e-17 0.8104933 0.5857479 8.05259e-17 0.8104933 0.5857479 0 0 0 0 0 0 0 0 0 0 -1 0 0 -1 0 0 -1 0 0 -1 0 -0 1 -0 -0 1 -0 -0 1 -0 -0 1 -0 0 0 0 0 0 0 1.178748e-17 -1 -3.71227e-16 1.178748e-17 -1 -3.71227e-16 1.178748e-17 -1 -3.71227e-16 1.178748e-17 -1 -3.71227e-16 1.178748e-17 -1 -3.71227e-16 1.178748e-17 -1 -3.71227e-16 1.178748e-17 -1 -3.71227e-16 1.178748e-17 -1 -3.71227e-16 1.178748e-17 -1 -3.71227e-16 1.178748e-17 -1 -3.71227e-16 1.178748e-17 -1 -3.71227e-16 1.178748e-17 -1 -3.71227e-16 1.178748e-17 -1 -3.71227e-16 1.178748e-17 -1 -3.71227e-16 1.178748e-17 -1 -3.71227e-16 1.178748e-17 -1 -3.71227e-16 1.178748e-17 -1 -3.71227e-16 -1.178748e-17 1 3.71227e-16 -1.178748e-17 1 3.71227e-16 -1.178748e-17 1 3.71227e-16 -1.178748e-17 1 3.71227e-16 -1.178748e-17 1 3.71227e-16 -1.178748e-17 1 3.71227e-16 -1.178748e-17 1 3.71227e-16 -1.178748e-17 1 3.71227e-16 -1.178748e-17 1 3.71227e-16 -1.178748e-17 1 3.71227e-16 -1.178748e-17 1 3.71227e-16 -1.178748e-17 1 3.71227e-16 -1.178748e-17 1 3.71227e-16 -1.178748e-17 1 3.71227e-16 -1.178748e-17 1 3.71227e-16 -1.178748e-17 1 3.71227e-16 -1.178748e-17 1 3.71227e-16 0 0 0 0 0 0 0 0 0 0 0 0 0 0 0 0 0 0 0 0 0 0 0 0 0 0 0 0 0 0 0 0 0 0 0 0 0 0 0 0 0 0 0 0 0 0.9807633 2.695828e-16 -0.1952009 0.9487935 5.347676e-16 -0.3158969 0.9487935 5.347676e-16 -0.3158969 0.9807633 2.695828e-16 -0.1952009 -0.9807633 -2.695828e-16 0.1952009 -0.9807633 -2.695828e-16 0.1952009 -0.9487935 -5.347676e-16 0.3158969 -0.9487935 -5.347676e-16 0.3158969 0 0 0 0 0 0 0.8412092 1.048742e-15 -0.5407098 0.8412092 1.048742e-15 -0.5407098 -0.8412092 -1.048742e-15 0.5407098 -0.8412092 -1.048742e-15 0.5407098 0 0 0 0.6813729 1.510192e-15 -0.7319364 0.6813729 1.510192e-15 -0.7319364 -0.6813729 -1.510192e-15 0.7319364 -0.6813729 -1.510192e-15 0.7319364 0 0 0 0.479213 1.877836e-15 -0.8776986 0.479213 1.877836e-15 -0.8776986 -0.479213 -1.877836e-15 0.8776986 -0.479213 -1.877836e-15 0.8776986 0 0 0 0.2472866 2.128838e-15 -0.9689424 0.2472866 2.128838e-15 -0.9689424 -0.2472866 -2.128838e-15 0.9689424 -0.2472866 -2.128838e-15 0.9689424 0 0 0 0 2.247607e-15 -1 0 2.247607e-15 -1 -0 -2.247607e-15 1 -0 -2.247607e-15 1 0 0 0 -0.2472866 2.226765e-15 -0.9689424 -0.2472866 2.226765e-15 -0.9689424 0.2472866 -2.226765e-15 0.9689424 0.2472866 -2.226765e-15 0.9689424 0 0 0 -0.479213 2.067607e-15 -0.8776986 -0.479213 2.067607e-15 -0.8776986 0.479213 -2.067607e-15 0.8776986 0.479213 -2.067607e-15 0.8776986 0 0 0 -0.6813729 1.780019e-15 -0.7319364 -0.6813729 1.780019e-15 -0.7319364 0.6813729 -1.780019e-15 0.7319364 0.6813729 -1.780019e-15 0.7319364 0 0 0 -0.8412092 1.381864e-15 -0.5407098 -0.8412092 1.381864e-15 -0.5407098 0.8412092 -1.381864e-15 0.5407098 0.8412092 -1.381864e-15 0.5407098 0 0 0 -0.9487935 7.153056e-16 -0.3158969 -0.9487935 7.153056e-16 -0.3158969 0.9487935 -7.153056e-16 0.3158969 0.9487935 -7.153056e-16 0.3158969 0 0 0 -0.9807633 2.706353e-16 -0.1952009 -0.9807633 2.706353e-16 -0.1952009 0.9807633 -2.706353e-16 0.1952009 0.9807633 -2.706353e-16 0.1952009 0 0 0 -7.715559e-18 1 4.104451e-16 -7.715559e-18 1 4.104451e-16 -7.715559e-18 1 4.104451e-16 -7.715559e-18 1 4.104451e-16 -7.715559e-18 1 4.104451e-16 -7.715559e-18 1 4.104451e-16 -7.715559e-18 1 4.104451e-16 -7.715559e-18 1 4.104451e-16 -7.715559e-18 1 4.104451e-16 -7.715559e-18 1 4.104451e-16 -7.715559e-18 1 4.104451e-16 -7.715559e-18 1 4.104451e-16 -7.715559e-18 1 4.104451e-16 -7.715559e-18 1 4.104451e-16 -7.715559e-18 1 4.104451e-16 -7.715559e-18 1 4.104451e-16 -7.715559e-18 1 4.104451e-16 7.715559e-18 -1 -4.104451e-16 7.715559e-18 -1 -4.104451e-16 7.715559e-18 -1 -4.104451e-16 7.715559e-18 -1 -4.104451e-16 7.715559e-18 -1 -4.104451e-16 7.715559e-18 -1 -4.104451e-16 7.715559e-18 -1 -4.104451e-16 7.715559e-18 -1 -4.104451e-16 7.715559e-18 -1 -4.104451e-16 7.715559e-18 -1 -4.104451e-16 7.715559e-18 -1 -4.104451e-16 7.715559e-18 -1 -4.104451e-16 7.715559e-18 -1 -4.104451e-16 7.715559e-18 -1 -4.104451e-16 7.715559e-18 -1 -4.104451e-16 7.715559e-18 -1 -4.104451e-16 7.715559e-18 -1 -4.104451e-16 0 0 0 0 0 0 0 0 0 0 0 0 -1.256218e-16 0.7928915 -0.6093629 -1.256218e-16 0.7928915 -0.6093629 -1.256218e-16 0.7928915 -0.6093629 -1.256218e-16 0.7928915 -0.6093629 1.256218e-16 -0.7928915 0.6093629 1.256218e-16 -0.7928915 0.6093629 1.256218e-16 -0.7928915 0.6093629 1.256218e-16 -0.7928915 0.6093629 0 0 0 0 0 0 -0 1 -0 -0 1 -0 -0 1 -0 -0 1 -0 -0 1 -0 0 -1 0 0 -1 0 0 -1 0 0 -1 0 0 -1 0 0 0 0 0 0 0 0 0 0 0 0 1 0 0 1 0 0 1 0 0 1 0 0 1 -0 -0 -1 -0 -0 -1 -0 -0 -1 -0 -0 -1 -0 -0 -1 0 0 0 0 0 0 0 0 0 0 1 0 0 1 0 0 1 0 0 1 0 -0 -1 -0 -0 -1 -0 -0 -1 -0 -0 -1 -0 0 0 0 0 0 0</float_array>
                    <technique_common>
                        <accessor count="249" source="#ID29" stride="3">
                            <param name="X" type="float" />
                            <param name="Y" type="float" />
                            <param name="Z" type="float" />
                        </accessor>
                    </technique_common>
                </source>
                <source id="ID25">
                    <Name_array id="ID31" count="0" />
                    <technique_common>
                        <accessor count="0" source="#ID31" stride="1">
                            <param name="skp_material" type="Name" />
                        </accessor>
                    </technique_common>
                </source>
                <source id="ID27">
                    <float_array id="ID30" count="234">1 0.8581154 0 0.8106615 1 0.8106615 0 0.8581154 1 0 0 0.05097033 0 0 0.03814882 0.05097033 0.9550389 0.05097033 1 0.05097033 1 0.6570357 0.9484464 0.5617289 0.949655 0.5617289 0.04860897 0.5617289 7.045073e-33 0.6570357 0.9550389 0.9965644 0.03814882 0.8581154 0.9550389 0.8581154 0.03814882 0.9965644 0.9484464 0.5018768 0.6342745 0.5406379 0.6413623 0.5018768 0.9484464 0.733416 0.6186005 0.5762875 0.5953139 0.6066111 0.5658612 0.6297253 0.5320718 0.6441942 0.4960446 0.6491191 0.3578147 0.5406379 0.04860897 0.5018768 0.3507269 0.5018768 0.04860897 0.733416 0.3734887 0.5762875 0.3967753 0.6066111 0.426228 0.6297253 0.4600174 0.6441942 1.05129 0.566739 1.509779 0.6062604 1.05129 0.6062604 1.509779 0.566739 1.509779 0.6557897 1.05129 0.695311 1.05129 0.6557897 1.509779 0.695311 1.05129 0.7028783 1.509779 0.7423997 1.05129 0.7423997 1.509779 0.7028783 1.509779 0.7446014 1.05129 0.70508 1.509779 0.70508 1.05129 0.7446014 1.509779 0.7017794 1.05129 0.6622581 1.509779 0.6622581 1.05129 0.7017794 1.509779 0.6165937 1.05129 0.5770724 1.509779 0.5770724 1.05129 0.6165937 0.4902211 -0.4943356 0.9487101 -0.4548142 0.4902211 -0.4548142 0.9487101 -0.4943356 0.4902211 -0.3425991 0.9487101 -0.3030777 0.4902211 -0.3030777 0.9487101 -0.3425991 0.4902211 -0.1708094 0.9487101 -0.1312881 0.4902211 -0.1312881 0.9487101 -0.1708094 0.4902211 0.04988404 0.9487101 0.01036267 0.9487101 0.04988404 0.4902211 0.01036267 0.4902211 0.229185 0.9487101 0.1896637 0.9487101 0.229185 0.4902211 0.1896637 0.4902211 0.3954776 0.9487101 0.3559562 0.9487101 0.3954776 0.4902211 0.3559562 0.951391 0.733416 0.6492731 0.5018768 0.951391 0.5018768 0.6421853 0.5406379 0.6265113 0.5762875 0.6032247 0.6066111 0.573772 0.6297253 0.5399826 0.6441942 0.5039554 0.6491191 0.3657255 0.5406379 0.05155364 0.5018768 0.3586377 0.5018768 0.05155364 0.733416 0.3813995 0.5762875 0.4046861 0.6066111 0.4341388 0.6297253 0.4679282 0.6441942 1 1.017054 0.05155364 0.9196312 0.951391 0.9196312 0 1.017054 1 0.8106615 1.110223e-16 0.8581154 1.110223e-16 0.8106615 0.9618512 0.8581154 1.955039 0.5636873 1.038149 0.6142271 1.038149 0.5636873 2 0.6142271 2 0.5636873 0.9618512 0.9965644 0.0449611 0.8581154 0.0449611 0.9965644</float_array>
                    <technique_common>
                        <accessor count="117" source="#ID30" stride="2">
                            <param name="S" type="float" />
                            <param name="T" type="float" />
                        </accessor>
                    </technique_common>
                </source>
                <vertices id="ID26">
                    <input semantic="POSITION" source="#ID23" />
                    <input semantic="NORMAL" source="#ID24" />
                </vertices>
                <triangles count="75" material="Material3">
                    <input offset="0" semantic="VERTEX" source="#ID26" />
                    <input offset="1" semantic="TEXCOORD" source="#ID27" />
                    <p>0 0 1 1 2 2 1 1 0 0 3 3 12 4 13 5 14 6 13 5 12 4 15 7 15 7 12 4 16 8 16 8 12 4 17 9 28 10 29 11 30 12 29 11 28 10 31 13 31 13 28 10 32 14 41 15 42 16 43 17 42 16 41 15 44 18 51 19 52 20 53 21 52 20 51 19 54 22 52 20 54 22 55 23 55 23 54 22 56 24 56 24 54 22 57 25 57 25 54 22 58 26 58 26 54 22 59 27 60 28 61 29 62 30 61 29 60 28 63 31 63 31 60 28 64 32 63 31 64 32 65 33 63 31 65 33 66 34 63 31 66 34 67 35 63 31 67 35 59 27 63 31 59 27 54 22 100 36 101 37 102 38 101 37 100 36 103 39 101 40 110 41 102 42 110 41 101 40 111 43 110 44 115 45 116 46 115 45 110 44 111 47 120 48 116 49 115 50 116 49 120 48 121 51 125 52 121 53 120 54 121 53 125 52 126 55 130 56 126 57 125 58 126 57 130 56 131 59 135 60 131 61 130 62 131 61 135 60 136 63 140 64 136 65 135 66 136 65 140 64 141 67 145 68 141 69 140 70 141 69 145 68 146 71 145 72 150 73 146 74 150 73 145 72 151 75 151 76 155 77 150 78 155 77 151 76 156 79 156 80 160 81 155 82 160 81 156 80 161 83 165 84 166 85 167 86 166 85 165 84 168 87 168 87 165 84 169 88 169 88 165 84 170 89 170 89 165 84 171 90 171 90 165 84 172 91 172 91 165 84 173 92 174 93 175 94 176 95 175 94 174 93 177 96 177 96 174 93 178 97 177 96 178 97 179 98 177 96 179 98 180 99 177 96 180 99 181 100 177 96 181 100 173 92 177 96 173 92 165 84 203 101 204 102 205 103 204 102 203 101 206 104 213 105 214 106 215 107 214 106 213 105 216 0 214 106 216 0 217 108 226 109 227 110 228 111 227 110 226 109 229 112 229 112 226 109 230 113 239 114 240 115 241 108 240 115 239 114 242 116</p>
                </triangles>
                <triangles count="75" material="Material2">
                    <input offset="0" semantic="VERTEX" source="#ID26" />
                    <p>4 5 6 7 6 5 18 19 20 20 19 21 21 19 22 23 22 19 33 34 35 35 34 36 37 36 34 45 46 47 48 47 46 68 69 70 69 71 70 71 72 70 72 73 70 73 74 70 74 75 70 70 75 76 77 76 75 69 68 78 78 68 79 79 68 80 80 68 81 81 68 82 68 83 82 84 82 83 104 105 106 107 106 105 112 106 113 107 113 106 112 113 117 118 117 113 122 123 118 117 118 123 127 128 122 123 122 128 132 133 127 128 127 133 137 138 132 133 132 138 142 143 137 138 137 143 147 148 142 143 142 148 152 148 153 147 153 148 157 152 158 153 158 152 162 157 163 158 163 157 182 183 184 183 185 184 185 186 184 186 187 184 187 188 184 188 189 184 184 189 190 191 190 189 183 182 192 192 182 193 193 182 194 194 182 195 195 182 196 196 182 197 198 197 182 207 208 209 210 209 208 218 219 220 219 221 220 222 220 221 231 232 233 233 232 234 235 234 232 243 244 245 246 245 244</p>
                </triangles>
                <lines count="76" material="Material4">
                    <input offset="0" semantic="VERTEX" source="#ID26" />
                    <p>8 9 10 9 11 10 11 8 9 24 24 25 26 25 27 26 10 27 38 11 38 39 39 40 8 40 49 50 26 50 25 49 85 38 86 85 87 86 88 87 89 88 90 89 91 90 92 91 93 92 94 93 95 94 96 95 97 96 98 97 99 98 99 39 108 109 108 87 109 86 114 108 114 88 119 114 119 89 124 119 124 90 129 124 129 91 134 129 134 92 139 134 139 93 144 139 144 94 149 144 149 95 154 149 154 96 159 154 159 97 164 159 164 98 199 164 109 200 200 201 202 201 199 202 211 201 212 211 212 202 211 223 223 224 225 224 212 225 224 236 237 236 238 237 225 238 247 248 237 248 236 247</p>
                </lines>
            </mesh>
        </geometry>
        <geometry id="ID32">
            <mesh>
                <source id="ID38">
                    <float_array id="ID43" count="144">1791.575 1011.024 1334.356 1791.575 0 1412.466 1791.575 0 1334.356 1791.575 83.89764 1412.466 1791.575 927.8346 1412.466 1791.575 1011.024 1412.466 1791.575 1011.024 1412.466 1791.575 1011.024 1334.356 1791.575 927.8346 1412.466 1791.575 83.89764 1412.466 1791.575 0 1412.466 1791.575 0 1334.356 1791.575 1011.024 1334.356 1791.575 1011.024 1412.466 1791.575 927.8346 1412.466 1791.575 83.89764 1412.466 1791.575 0 1412.466 1791.575 0 1334.356 1791.575 83.89764 1412.466 1711.024 927.8346 1412.466 1711.024 83.89764 1412.466 1791.575 927.8346 1412.466 1791.575 927.8346 1412.466 1791.575 83.89764 1412.466 1711.024 927.8346 1412.466 1711.024 83.89764 1412.466 1711.024 927.8346 1412.466 1711.024 83.89764 1412.466 1701.378 91.88976 1207.21 1791.575 1011.024 1334.356 1791.575 0 1334.356 1701.378 913.3071 1207.21 1701.378 913.3071 1207.21 1701.378 91.88976 1207.21 1791.575 1011.024 1334.356 1791.575 0 1334.356 1701.378 91.88976 1207.21 1701.378 913.3071 1207.21 1711.024 927.8346 1412.466 1711.024 83.89764 1640.354 1711.024 83.89764 1412.466 1711.024 927.8346 1640.354 1711.024 927.8346 1640.354 1711.024 927.8346 1412.466 1711.024 83.89764 1640.354 1711.024 83.89764 1412.466 1711.024 927.8346 1640.354 1711.024 83.89764 1640.354</float_array>
                    <technique_common>
                        <accessor count="48" source="#ID43" stride="3">
                            <param name="X" type="float" />
                            <param name="Y" type="float" />
                            <param name="Z" type="float" />
                        </accessor>
                    </technique_common>
                </source>
                <source id="ID39">
                    <float_array id="ID44" count="144">1 -0 -0 1 -0 -0 1 -0 -0 1 -0 -0 1 -0 -0 1 -0 -0 -1 0 0 -1 0 0 -1 0 0 -1 0 0 -1 0 0 -1 0 0 0 0 0 0 0 0 0 0 0 0 0 0 0 0 0 0 0 0 -0 -0 1 -0 -0 1 -0 -0 1 -0 -0 1 0 0 -1 0 0 -1 0 0 -1 0 0 -1 0 0 0 0 0 0 0.8156174 -1.594933e-17 -0.5785915 0.8156174 -1.594933e-17 -0.5785915 0.8156174 -1.594933e-17 -0.5785915 0.8156174 -1.594933e-17 -0.5785915 -0.8156174 1.594933e-17 0.5785915 -0.8156174 1.594933e-17 0.5785915 -0.8156174 1.594933e-17 0.5785915 -0.8156174 1.594933e-17 0.5785915 0 0 0 0 0 0 1 0 0 1 0 0 1 0 0 1 0 0 -1 -0 -0 -1 -0 -0 -1 -0 -0 -1 -0 -0 0 0 0 0 0 0</float_array>
                    <technique_common>
                        <accessor count="48" source="#ID44" stride="3">
                            <param name="X" type="float" />
                            <param name="Y" type="float" />
                            <param name="Z" type="float" />
                        </accessor>
                    </technique_common>
                </source>
                <source id="ID40">
                    <Name_array id="ID46" count="0" />
                    <technique_common>
                        <accessor count="0" source="#ID46" stride="1">
                            <param name="skp_material" type="Name" />
                        </accessor>
                    </technique_common>
                </source>
                <source id="ID42">
                    <float_array id="ID45" count="32">1.004647 0.8121387 0 0.859679 0 0.8121387 0.0833685 0.859679 0.9219829 0.859679 1.004647 0.859679 1.780275 0.05106321 1.700232 0.5647145 1.700232 0.05106321 1.780275 0.5647145 0.09131022 1.198421 1.004647 1.293302 3.481314e-17 1.293302 0.9075469 1.198421 0.0833685 0.9983803 0.9219829 0.9983803</float_array>
                    <technique_common>
                        <accessor count="16" source="#ID45" stride="2">
                            <param name="S" type="float" />
                            <param name="T" type="float" />
                        </accessor>
                    </technique_common>
                </source>
                <vertices id="ID41">
                    <input semantic="POSITION" source="#ID38" />
                    <input semantic="NORMAL" source="#ID39" />
                </vertices>
                <triangles count="10" material="Material3">
                    <input offset="0" semantic="VERTEX" source="#ID41" />
                    <input offset="1" semantic="TEXCOORD" source="#ID42" />
                    <p>0 0 1 1 2 2 1 1 0 0 3 3 3 3 0 0 4 4 4 4 0 0 5 5 18 6 19 7 20 8 19 7 18 6 21 9 28 10 29 11 30 12 29 11 28 10 31 13 38 4 39 14 40 3 39 14 38 4 41 15</p>
                </triangles>
                <triangles count="10" material="Material2">
                    <input offset="0" semantic="VERTEX" source="#ID41" />
                    <p>6 7 8 8 7 9 9 7 10 11 10 7 22 23 24 25 24 23 32 33 34 35 34 33 42 43 44 45 44 43</p>
                </triangles>
                <lines count="15" material="Material4">
                    <input offset="0" semantic="VERTEX" source="#ID41" />
                    <p>12 13 13 14 15 14 16 15 17 16 17 12 14 26 27 26 15 27 36 37 12 37 17 36 46 47 27 47 26 46</p>
                </lines>
            </mesh>
        </geometry>
        <geometry id="ID47">
            <mesh>
                <source id="ID48">
                    <float_array id="ID53" count="174">0 83.89764 1412.466 0 0 1334.356 0 0 1412.466 0 1011.024 1334.356 0 1011.024 1412.466 0 1011.024 1412.466 0 83.89764 1412.466 0 1011.024 1334.356 0 0 1334.356 0 0 1412.466 0 0 1334.356 0 0 1412.466 0 83.89764 1412.466 0 1011.024 1412.466 0 1011.024 1334.356 68.34646 83.89764 1412.466 0 1011.024 1412.466 0 83.89764 1412.466 68.34646 1011.024 1412.466 68.34646 927.8346 1412.466 68.34646 927.8346 1412.466 68.34646 83.89764 1412.466 68.34646 1011.024 1412.466 0 1011.024 1412.466 0 83.89764 1412.466 68.34646 83.89764 1412.466 68.34646 927.8346 1412.466 68.34646 1011.024 1412.466 0 1011.024 1334.356 87.08661 91.88976 1207.21 0 0 1334.356 87.08661 913.3071 1207.21 87.08661 913.3071 1207.21 0 1011.024 1334.356 87.08661 91.88976 1207.21 0 0 1334.356 87.08661 913.3071 1207.21 87.08661 91.88976 1207.21 68.34646 927.8346 1640.354 68.34646 83.89764 1412.466 68.34646 83.89764 1640.354 68.34646 927.8346 1412.466 68.34646 927.8346 1412.466 68.34646 927.8346 1640.354 68.34646 83.89764 1412.466 68.34646 83.89764 1640.354 68.34646 83.89764 1640.354 68.34646 927.8346 1640.354 87.08661 91.88976 1207.21 87.08661 913.3071 826.0939 87.08661 91.88976 826.0939 87.08661 913.3071 1207.21 87.08661 913.3071 1207.21 87.08661 91.88976 1207.21 87.08661 913.3071 826.0939 87.08661 91.88976 826.0939 87.08661 913.3071 826.0939 87.08661 91.88976 826.0939</float_array>
                    <technique_common>
                        <accessor count="58" source="#ID53" stride="3">
                            <param name="X" type="float" />
                            <param name="Y" type="float" />
                            <param name="Z" type="float" />
                        </accessor>
                    </technique_common>
                </source>
                <source id="ID49">
                    <float_array id="ID54" count="174">-1 0 0 -1 0 0 -1 0 0 -1 0 0 -1 0 0 1 -0 -0 1 -0 -0 1 -0 -0 1 -0 -0 1 -0 -0 0 0 0 0 0 0 0 0 0 0 0 0 0 0 0 0 0 1 0 0 1 0 0 1 0 0 1 0 0 1 -0 -0 -1 -0 -0 -1 -0 -0 -1 -0 -0 -1 -0 -0 -1 0 0 0 0 0 0 0 0 0 -0.8250309 7.688579e-17 -0.5650876 -0.8250309 7.688579e-17 -0.5650876 -0.8250309 7.688579e-17 -0.5650876 -0.8250309 7.688579e-17 -0.5650876 0.8250309 -7.688579e-17 0.5650876 0.8250309 -7.688579e-17 0.5650876 0.8250309 -7.688579e-17 0.5650876 0.8250309 -7.688579e-17 0.5650876 0 0 0 0 0 0 -1 0 0 -1 0 0 -1 0 0 -1 0 0 1 -0 -0 1 -0 -0 1 -0 -0 1 -0 -0 0 0 0 0 0 0 -1 -3.460082e-17 -3.728751e-17 -1 -3.460082e-17 -3.728751e-17 -1 -3.460082e-17 -3.728751e-17 -1 -3.460082e-17 -3.728751e-17 1 3.460082e-17 3.728751e-17 1 3.460082e-17 3.728751e-17 1 3.460082e-17 3.728751e-17 1 3.460082e-17 3.728751e-17 0 0 0 0 0 0</float_array>
                    <technique_common>
                        <accessor count="58" source="#ID54" stride="3">
                            <param name="X" type="float" />
                            <param name="Y" type="float" />
                            <param name="Z" type="float" />
                        </accessor>
                    </technique_common>
                </source>
                <source id="ID50">
                    <Name_array id="ID56" count="0" />
                    <technique_common>
                        <accessor count="0" source="#ID56" stride="1">
                            <param name="skp_material" type="Name" />
                        </accessor>
                    </technique_common>
                </source>
                <source id="ID52">
                    <float_array id="ID55" count="42">0.9170171 0.8557024 1 0.8083821 1 0.8557024 0 0.8083821 0 0.8557024 1.067601 0.05082701 1 0.6125 1 0.05082701 1.067601 0.6125 1.067601 0.5621023 0 0.6669402 0.9091121 0.573576 1 0.6669402 0.09665109 0.573576 0.08228193 0.9937622 0.9170171 0.9937622 0.08228193 0.8557024 0.9091121 0.7313537 0.09665109 0.5004656 0.9091121 0.5004656 0.09665109 0.7313537</float_array>
                    <technique_common>
                        <accessor count="21" source="#ID55" stride="2">
                            <param name="S" type="float" />
                            <param name="T" type="float" />
                        </accessor>
                    </technique_common>
                </source>
                <vertices id="ID51">
                    <input semantic="POSITION" source="#ID48" />
                    <input semantic="NORMAL" source="#ID49" />
                </vertices>
                <triangles count="12" material="Material3">
                    <input offset="0" semantic="VERTEX" source="#ID51" />
                    <input offset="1" semantic="TEXCOORD" source="#ID52" />
                    <p>0 0 1 1 2 2 1 1 0 0 3 3 3 3 0 0 4 4 15 5 16 6 17 7 16 6 15 5 18 8 18 8 15 5 19 9 28 10 29 11 30 12 29 11 28 10 31 13 38 14 39 0 40 15 39 0 38 14 41 16 48 17 49 18 50 19 49 18 48 17 51 20</p>
                </triangles>
                <triangles count="12" material="Material2">
                    <input offset="0" semantic="VERTEX" source="#ID51" />
                    <p>5 6 7 7 6 8 9 8 6 20 21 22 22 21 23 24 23 21 32 33 34 35 34 33 42 43 44 45 44 43 52 53 54 55 54 53</p>
                </triangles>
                <lines count="18" material="Material4">
                    <input offset="0" semantic="VERTEX" source="#ID51" />
                    <p>10 11 11 12 13 12 14 13 14 10 12 25 26 25 27 26 13 27 14 36 36 37 37 10 46 47 26 47 25 46 56 36 56 57 57 37</p>
                </lines>
            </mesh>
        </geometry>
        <geometry id="ID57">
            <mesh>
                <source id="ID58">
                    <float_array id="ID62" count="36">1711.024 83.89764 1412.466 68.34646 927.8346 1412.466 68.34646 83.89764 1412.466 1711.024 927.8346 1412.466 1711.024 927.8346 1412.466 1711.024 83.89764 1412.466 68.34646 927.8346 1412.466 68.34646 83.89764 1412.466 68.34646 83.89764 1412.466 1711.024 83.89764 1412.466 1711.024 927.8346 1412.466 68.34646 927.8346 1412.466</float_array>
                    <technique_common>
                        <accessor count="12" source="#ID62" stride="3">
                            <param name="X" type="float" />
                            <param name="Y" type="float" />
                            <param name="Z" type="float" />
                        </accessor>
                    </technique_common>
                </source>
                <source id="ID59">
                    <float_array id="ID63" count="36">-0 -0 1 -0 -0 1 -0 -0 1 -0 -0 1 0 0 -1 0 0 -1 0 0 -1 0 0 -1 0 0 0 0 0 0 0 0 0 0 0 0</float_array>
                    <technique_common>
                        <accessor count="12" source="#ID63" stride="3">
                            <param name="X" type="float" />
                            <param name="Y" type="float" />
                            <param name="Z" type="float" />
                        </accessor>
                    </technique_common>
                </source>
                <source id="ID60">
                    <Name_array id="ID64" count="0" />
                    <technique_common>
                        <accessor count="0" source="#ID64" stride="1">
                            <param name="skp_material" type="Name" />
                        </accessor>
                    </technique_common>
                </source>
                <vertices id="ID61">
                    <input semantic="POSITION" source="#ID58" />
                    <input semantic="NORMAL" source="#ID59" />
                </vertices>
                <triangles count="2" material="Material2">
                    <input offset="0" semantic="VERTEX" source="#ID61" />
                    <p>0 1 2 1 0 3</p>
                </triangles>
                <triangles count="2" material="Material3">
                    <input offset="0" semantic="VERTEX" source="#ID61" />
                    <p>4 5 6 7 6 5</p>
                </triangles>
                <lines count="4" material="Material4">
                    <input offset="0" semantic="VERTEX" source="#ID61" />
                    <p>8 9 9 10 10 11 11 8</p>
                </lines>
            </mesh>
        </geometry>
        <geometry id="ID65">
            <mesh>
                <source id="ID71">
                    <float_array id="ID76" count="72">68.34646 83.89764 1640.354 160.7219 166.2312 1640.354 68.34646 927.8346 1640.354 1711.024 83.89764 1640.354 1599.068 166.2312 1640.354 1599.068 872.6485 1640.354 160.7219 872.6485 1640.354 1711.024 927.8346 1640.354 1711.024 83.89764 1640.354 1599.068 872.6485 1640.354 1711.024 927.8346 1640.354 160.7219 872.6485 1640.354 160.7219 166.2312 1640.354 68.34646 927.8346 1640.354 1599.068 166.2312 1640.354 68.34646 83.89764 1640.354 1711.024 83.89764 1640.354 68.34646 83.89764 1640.354 1711.024 927.8346 1640.354 68.34646 927.8346 1640.354 1599.068 872.6485 1640.354 1599.068 166.2312 1640.354 160.7219 166.2312 1640.354 160.7219 872.6485 1640.354</float_array>
                    <technique_common>
                        <accessor count="24" source="#ID76" stride="3">
                            <param name="X" type="float" />
                            <param name="Y" type="float" />
                            <param name="Z" type="float" />
                        </accessor>
                    </technique_common>
                </source>
                <source id="ID72">
                    <float_array id="ID77" count="72">-0 -0 1 -0 -0 1 -0 -0 1 -0 -0 1 -0 -0 1 -0 -0 1 -0 -0 1 -0 -0 1 0 0 -1 0 0 -1 0 0 -1 0 0 -1 0 0 -1 0 0 -1 0 0 -1 0 0 -1 0 0 0 0 0 0 0 0 0 0 0 0 0 0 0 0 0 0 0 0 0 0 0 0</float_array>
                    <technique_common>
                        <accessor count="24" source="#ID77" stride="3">
                            <param name="X" type="float" />
                            <param name="Y" type="float" />
                            <param name="Z" type="float" />
                        </accessor>
                    </technique_common>
                </source>
                <source id="ID73">
                    <Name_array id="ID79" count="0" />
                    <technique_common>
                        <accessor count="0" source="#ID79" stride="1">
                            <param name="skp_material" type="Name" />
                        </accessor>
                    </technique_common>
                </source>
                <source id="ID75">
                    <float_array id="ID78" count="16">6.938894e-18 0 0.05623469 0.09546965 6.938894e-18 0.9785849 1 0 0.9318459 0.09546965 0.9318459 0.914594 0.05623469 0.914594 1 0.9785849</float_array>
                    <technique_common>
                        <accessor count="8" source="#ID78" stride="2">
                            <param name="S" type="float" />
                            <param name="T" type="float" />
                        </accessor>
                    </technique_common>
                </source>
                <vertices id="ID74">
                    <input semantic="POSITION" source="#ID71" />
                    <input semantic="NORMAL" source="#ID72" />
                </vertices>
                <triangles count="8" material="Material3">
                    <input offset="0" semantic="VERTEX" source="#ID74" />
                    <input offset="1" semantic="TEXCOORD" source="#ID75" />
                    <p>0 0 1 1 2 2 1 1 0 0 3 3 1 1 3 3 4 4 4 4 3 3 5 5 2 2 6 6 7 7 6 6 2 2 1 1 7 7 6 6 5 5 7 7 5 5 3 3</p>
                </triangles>
                <triangles count="8" material="Material2">
                    <input offset="0" semantic="VERTEX" source="#ID74" />
                    <p>8 9 10 9 11 10 12 13 11 10 11 13 9 8 14 14 8 12 8 15 12 13 12 15</p>
                </triangles>
                <lines count="8" material="Material4">
                    <input offset="0" semantic="VERTEX" source="#ID74" />
                    <p>16 17 18 16 19 18 17 19 20 21 21 22 22 23 23 20</p>
                </lines>
            </mesh>
        </geometry>
        <geometry id="ID80">
            <mesh>
                <source id="ID81">
                    <float_array id="ID86" count="468">1714.331 107.7953 743.378 1751.535 91.88976 826.0939 1751.535 39.56693 826.0939 1751.535 913.3071 826.0939 1714.331 905.4724 743.378 1751.535 965.6299 826.0939 1751.535 965.6299 826.0939 1714.331 905.4724 743.378 1751.535 913.3071 826.0939 1714.331 107.7953 743.378 1751.535 91.88976 826.0939 1751.535 39.56693 826.0939 1714.331 107.7953 743.378 1751.535 39.56693 826.0939 1714.331 905.4724 743.378 1751.535 965.6299 826.0939 1751.535 913.3071 826.0939 1751.535 91.88976 826.0939 1714.331 905.4724 0 1714.331 649.8752 501.4198 1714.331 649.8752 0 1714.331 352.7727 0 1714.331 107.7953 743.378 1714.331 107.7953 0 1714.331 352.7727 501.4198 1714.331 362.589 535.2161 1714.331 379.9804 565.8118 1714.331 403.9972 591.5361 1714.331 433.3282 610.9847 1714.331 466.3719 623.0954 1714.331 905.4724 743.378 1714.331 501.3239 627.2072 1714.331 536.276 623.0954 1714.331 569.3196 610.9847 1714.331 598.6506 591.5361 1714.331 622.6675 565.8118 1714.331 640.0589 535.2161 1714.331 905.4724 0 1714.331 649.8752 501.4198 1714.331 905.4724 743.378 1714.331 640.0589 535.2161 1714.331 622.6675 565.8118 1714.331 598.6506 591.5361 1714.331 569.3196 610.9847 1714.331 536.276 623.0954 1714.331 501.3239 627.2072 1714.331 466.3719 623.0954 1714.331 107.7953 743.378 1714.331 433.3282 610.9847 1714.331 403.9972 591.5361 1714.331 379.9804 565.8118 1714.331 362.589 535.2161 1714.331 352.7727 501.4198 1714.331 352.7727 0 1714.331 107.7953 0 1714.331 649.8752 0 1714.331 107.7953 0 1714.331 352.7727 0 1714.331 352.7727 501.4198 1714.331 362.589 535.2161 1714.331 379.9804 565.8118 1714.331 403.9972 591.5361 1714.331 433.3282 610.9847 1714.331 466.3719 623.0954 1714.331 501.3239 627.2072 1714.331 536.276 623.0954 1714.331 569.3196 610.9847 1714.331 598.6506 591.5361 1714.331 622.6675 565.8118 1714.331 640.0589 535.2161 1714.331 649.8752 501.4198 1714.331 649.8752 0 1714.331 905.4724 0 1149.048 352.7727 501.4198 1714.331 352.7727 0 1149.048 352.7727 -2.046213e-13 1714.331 352.7727 501.4198 1714.331 352.7727 501.4198 1149.048 352.7727 501.4198 1714.331 352.7727 0 1149.048 352.7727 -2.046213e-13 1149.048 352.7727 -2.046213e-13 1149.048 352.7727 501.4198 1149.048 362.589 535.2161 1714.331 352.7727 501.4198 1149.048 352.7727 501.4198 1714.331 362.589 535.2161 1714.331 362.589 535.2161 1149.048 362.589 535.2161 1714.331 352.7727 501.4198 1149.048 352.7727 501.4198 1149.048 362.589 535.2161 1149.048 379.9804 565.8118 1714.331 379.9804 565.8118 1714.331 379.9804 565.8118 1149.048 379.9804 565.8118 1149.048 379.9804 565.8118 1149.048 403.9972 591.5361 1714.331 403.9972 591.5361 1714.331 403.9972 591.5361 1149.048 403.9972 591.5361 1149.048 403.9972 591.5361 1714.331 433.3282 610.9847 1149.048 433.3282 610.9847 1714.331 433.3282 610.9847 1149.048 433.3282 610.9847 1149.048 433.3282 610.9847 1714.331 466.3719 623.0954 1149.048 466.3719 623.0954 1714.331 466.3719 623.0954 1149.048 466.3719 623.0954 1149.048 466.3719 623.0954 1714.331 501.3239 627.2072 1149.048 501.3239 627.2072 1714.331 501.3239 627.2072 1149.048 501.3239 627.2072 1149.048 501.3239 627.2072 1714.331 536.276 623.0954 1149.048 536.276 623.0954 1714.331 536.276 623.0954 1149.048 536.276 623.0954 1149.048 536.276 623.0954 1714.331 569.3196 610.9847 1149.048 569.3196 610.9847 1714.331 569.3196 610.9847 1149.048 569.3196 610.9847 1149.048 569.3196 610.9847 1714.331 598.6506 591.5361 1149.048 598.6506 591.5361 1714.331 598.6506 591.5361 1149.048 598.6506 591.5361 1149.048 598.6506 591.5361 1149.048 622.6675 565.8118 1714.331 622.6675 565.8118 1149.048 622.6675 565.8118 1714.331 622.6675 565.8118 1149.048 622.6675 565.8118 1149.048 640.0589 535.2161 1714.331 640.0589 535.2161 1149.048 640.0589 535.2161 1714.331 640.0589 535.2161 1149.048 640.0589 535.2161 1149.048 649.8752 501.4198 1714.331 649.8752 501.4198 1149.048 649.8752 501.4198 1714.331 649.8752 501.4198 1149.048 649.8752 501.4198 1714.331 649.8752 0 1149.048 649.8752 501.4198 1149.048 649.8752 -2.046213e-13 1714.331 649.8752 501.4198 1714.331 649.8752 501.4198 1714.331 649.8752 0 1149.048 649.8752 501.4198 1149.048 649.8752 -2.046213e-13 1149.048 649.8752 -2.046213e-13</float_array>
                    <technique_common>
                        <accessor count="156" source="#ID86" stride="3">
                            <param name="X" type="float" />
                            <param name="Y" type="float" />
                            <param name="Z" type="float" />
                        </accessor>
                    </technique_common>
                </source>
                <source id="ID82">
                    <float_array id="ID87" count="468">0.9119934 -1.687279e-17 -0.4102049 0.9119934 -1.687279e-17 -0.4102049 0.9119934 -1.687279e-17 -0.4102049 0.9119934 -1.687279e-17 -0.4102049 0.9119934 -1.687279e-17 -0.4102049 0.9119934 -1.687279e-17 -0.4102049 -0.9119934 1.687279e-17 0.4102049 -0.9119934 1.687279e-17 0.4102049 -0.9119934 1.687279e-17 0.4102049 -0.9119934 1.687279e-17 0.4102049 -0.9119934 1.687279e-17 0.4102049 -0.9119934 1.687279e-17 0.4102049 0 0 0 0 0 0 0 0 0 0 0 0 0 0 0 0 0 0 1 2.764837e-16 2.668377e-16 1 2.764837e-16 2.668377e-16 1 2.764837e-16 2.668377e-16 1 2.764837e-16 2.668377e-16 1 2.764837e-16 2.668377e-16 1 2.764837e-16 2.668377e-16 1 2.764837e-16 2.668377e-16 1 2.764837e-16 2.668377e-16 1 2.764837e-16 2.668377e-16 1 2.764837e-16 2.668377e-16 1 2.764837e-16 2.668377e-16 1 2.764837e-16 2.668377e-16 1 2.764837e-16 2.668377e-16 1 2.764837e-16 2.668377e-16 1 2.764837e-16 2.668377e-16 1 2.764837e-16 2.668377e-16 1 2.764837e-16 2.668377e-16 1 2.764837e-16 2.668377e-16 1 2.764837e-16 2.668377e-16 -1 -2.764837e-16 -2.668377e-16 -1 -2.764837e-16 -2.668377e-16 -1 -2.764837e-16 -2.668377e-16 -1 -2.764837e-16 -2.668377e-16 -1 -2.764837e-16 -2.668377e-16 -1 -2.764837e-16 -2.668377e-16 -1 -2.764837e-16 -2.668377e-16 -1 -2.764837e-16 -2.668377e-16 -1 -2.764837e-16 -2.668377e-16 -1 -2.764837e-16 -2.668377e-16 -1 -2.764837e-16 -2.668377e-16 -1 -2.764837e-16 -2.668377e-16 -1 -2.764837e-16 -2.668377e-16 -1 -2.764837e-16 -2.668377e-16 -1 -2.764837e-16 -2.668377e-16 -1 -2.764837e-16 -2.668377e-16 -1 -2.764837e-16 -2.668377e-16 -1 -2.764837e-16 -2.668377e-16 -1 -2.764837e-16 -2.668377e-16 0 0 0 0 0 0 0 0 0 0 0 0 0 0 0 0 0 0 0 0 0 0 0 0 0 0 0 0 0 0 0 0 0 0 0 0 0 0 0 0 0 0 0 0 0 0 0 0 0 0 0 -6.033456e-16 1 4.741051e-33 -6.033456e-16 1 4.741051e-33 -6.033456e-16 1 4.741051e-33 -6.033456e-16 1 4.741051e-33 6.033456e-16 -1 -4.741051e-33 6.033456e-16 -1 -4.741051e-33 6.033456e-16 -1 -4.741051e-33 6.033456e-16 -1 -4.741051e-33 0 0 0 0 0 0 -9.997003e-16 0.9211472 -0.3892145 -1.088117e-15 0.9603122 -0.2789273 -1.088117e-15 0.9603122 -0.2789273 -9.997003e-16 0.9211472 -0.3892145 9.997003e-16 -0.9211472 0.3892145 9.997003e-16 -0.9211472 0.3892145 1.088117e-15 -0.9603122 0.2789273 1.088117e-15 -0.9603122 0.2789273 0 0 0 -7.831857e-16 0.805675 -0.5923578 -7.831857e-16 0.805675 -0.5923578 7.831857e-16 -0.805675 0.5923578 7.831857e-16 -0.805675 0.5923578 0 0 0 -5.239083e-16 0.6462122 -0.7631578 -5.239083e-16 0.6462122 -0.7631578 5.239083e-16 -0.6462122 0.7631578 5.239083e-16 -0.6462122 0.7631578 0 0 0 -2.36025e-16 0.4514655 -0.8922886 -2.36025e-16 0.4514655 -0.8922886 2.36025e-16 -0.4514655 0.8922886 2.36025e-16 -0.4514655 0.8922886 0 0 0 6.474552e-17 0.2320683 -0.9726995 6.474552e-17 0.2320683 -0.9726995 -6.474552e-17 -0.2320683 0.9726995 -6.474552e-17 -0.2320683 0.9726995 0 0 0 3.619809e-16 1.957075e-16 -1 3.619809e-16 4.447899e-17 -1 -3.619809e-16 -1.957075e-16 1 -3.619809e-16 -4.447899e-17 1 0 0 0 6.394517e-16 -0.2320683 -0.9726995 6.394517e-16 -0.2320683 -0.9726995 -6.394517e-16 0.2320683 0.9726995 -6.394517e-16 0.2320683 0.9726995 0 0 0 8.820078e-16 -0.4514655 -0.8922886 8.820078e-16 -0.4514655 -0.8922886 -8.820078e-16 0.4514655 0.8922886 -8.820078e-16 0.4514655 0.8922886 0 0 0 1.076405e-15 -0.6462122 -0.7631578 1.076405e-15 -0.6462122 -0.7631578 -1.076405e-15 0.6462122 0.7631578 -1.076405e-15 0.6462122 0.7631578 0 0 0 1.21203e-15 -0.805675 -0.5923578 1.21203e-15 -0.805675 -0.5923578 -1.21203e-15 0.805675 0.5923578 -1.21203e-15 0.805675 0.5923578 0 0 0 1.281477e-15 -0.9211472 -0.3892145 1.281477e-15 -0.9211472 -0.3892145 -1.281477e-15 0.9211472 0.3892145 -1.281477e-15 0.9211472 0.3892145 0 0 0 1.29005e-15 -0.9603122 -0.2789273 1.29005e-15 -0.9603122 -0.2789273 -1.29005e-15 0.9603122 0.2789273 -1.29005e-15 0.9603122 0.2789273 0 0 0 -4.130078e-32 -1 2.267299e-16 -4.130078e-32 -1 2.267299e-16 -4.130078e-32 -1 2.267299e-16 -4.130078e-32 -1 2.267299e-16 4.130078e-32 1 -2.267299e-16 4.130078e-32 1 -2.267299e-16 4.130078e-32 1 -2.267299e-16 4.130078e-32 1 -2.267299e-16 0 0 0</float_array>
                    <technique_common>
                        <accessor count="156" source="#ID87" stride="3">
                            <param name="X" type="float" />
                            <param name="Y" type="float" />
                            <param name="Z" type="float" />
                        </accessor>
                    </technique_common>
                </source>
                <source id="ID83">
                    <Name_array id="ID89" count="0" />
                    <technique_common>
                        <accessor count="0" source="#ID89" stride="1">
                            <param name="skp_material" type="Name" />
                        </accessor>
                    </technique_common>
                </source>
                <source id="ID85">
                    <float_array id="ID88" count="162">0.1071154 0.8406389 0.09131022 0.895841 0.03931738 0.895841 0.9075469 0.895841 0.8997617 0.8406389 0.9595398 0.895841 0.8997617 -2.784198e-16 0.6457765 0.3051826 0.6457765 -2.784198e-16 0.3505478 -2.784198e-16 0.1071154 0.4524474 0.1071154 -2.784198e-16 0.3505478 0.3051826 0.3603022 0.3257523 0.3775839 0.344374 0.4014493 0.3600308 0.4305953 0.3718679 0.4634305 0.3792389 0.8997617 0.4524474 0.4981621 0.3817415 0.5328937 0.3792389 0.565729 0.3718679 0.594875 0.3600308 0.6187404 0.344374 0.6360221 0.3257523 -1.141802 0.3051826 -1.703519 -1.017954e-33 -1.141802 -1.245401e-16 -1.703519 0.3051826 -1.141802 0.3743791 -1.703519 0.3529592 -1.141802 0.3529592 -1.703519 0.3743791 -1.141802 0.4136736 -1.703519 0.3922537 -1.141802 0.3922537 -1.703519 0.4136736 -1.141802 0.4309658 -1.703519 0.409546 -1.141802 0.409546 -1.703519 0.4309658 -1.703519 0.4253117 -1.141802 0.4038919 -1.141802 0.4253117 -1.703519 0.4038919 -1.703519 0.3970199 -1.141802 0.3756001 -1.141802 0.3970199 -1.703519 0.3756001 -1.703519 0.3476351 -1.141802 0.3262153 -1.141802 0.3476351 -1.703519 0.3262153 1.703519 -0.2798539 1.141802 -0.2584341 1.141802 -0.2798539 1.703519 -0.2584341 1.703519 -0.1973772 1.141802 -0.1759574 1.141802 -0.1973772 1.703519 -0.1759574 1.703519 -0.1047082 1.141802 -0.08328841 1.141802 -0.1047082 1.703519 -0.08328841 1.703519 0.01451297 1.141802 -0.006906839 1.703519 -0.006906839 1.141802 0.01451297 1.703519 0.1121067 1.141802 0.09068689 1.703519 0.09068689 1.141802 0.1121067 1.703519 0.2041641 1.141802 0.1827442 1.703519 0.1827442 1.141802 0.2041641 1.703519 8.96803e-17 1.141802 0.3051826 1.141802 -3.485983e-17 1.703519 0.3051826</float_array>
                    <technique_common>
                        <accessor count="81" source="#ID88" stride="2">
                            <param name="S" type="float" />
                            <param name="T" type="float" />
                        </accessor>
                    </technique_common>
                </source>
                <vertices id="ID84">
                    <input semantic="POSITION" source="#ID81" />
                    <input semantic="NORMAL" source="#ID82" />
                </vertices>
                <triangles count="49" material="Material3">
                    <input offset="0" semantic="VERTEX" source="#ID84" />
                    <input offset="1" semantic="TEXCOORD" source="#ID85" />
                    <p>0 0 1 1 2 2 1 1 0 0 3 3 3 3 0 0 4 4 3 3 4 4 5 5 18 6 19 7 20 8 21 9 22 10 23 11 22 10 21 9 24 12 22 10 24 12 25 13 22 10 25 13 26 14 22 10 26 14 27 15 22 10 27 15 28 16 22 10 28 16 29 17 22 10 29 17 30 18 30 18 29 17 31 19 30 18 31 19 32 20 30 18 32 20 33 21 30 18 33 21 34 22 30 18 34 22 35 23 30 18 35 23 36 24 30 18 36 24 19 7 30 18 19 7 18 6 73 25 74 26 75 27 74 26 73 25 76 28 83 29 84 30 85 31 84 30 83 29 86 32 92 33 86 34 83 35 86 34 92 33 93 36 97 37 93 38 92 39 93 38 97 37 98 40 102 41 97 42 103 43 97 42 102 41 98 44 107 45 103 46 108 47 103 46 107 45 102 48 112 49 108 50 113 51 108 50 112 49 107 52 117 53 113 54 118 55 113 54 117 53 112 56 122 57 118 58 123 59 118 58 122 57 117 60 127 61 123 62 128 63 123 62 127 61 122 64 127 65 132 66 133 67 132 66 127 65 128 68 133 69 137 70 138 71 137 70 133 69 132 72 138 73 142 74 143 75 142 74 138 73 137 76 147 77 148 78 149 79 148 78 147 77 150 80</p>
                </triangles>
                <triangles count="49" material="Material2">
                    <input offset="0" semantic="VERTEX" source="#ID84" />
                    <p>6 7 8 7 9 8 8 9 10 11 10 9 37 38 39 38 40 39 40 41 39 41 42 39 42 43 39 43 44 39 44 45 39 45 46 39 39 46 47 46 48 47 48 49 47 49 50 47 50 51 47 51 52 47 52 53 47 54 47 53 55 38 37 77 78 79 80 79 78 87 88 89 90 89 88 94 95 87 88 87 95 99 100 94 95 94 100 99 104 100 105 100 104 104 109 105 110 105 109 109 114 110 115 110 114 114 119 115 120 115 119 119 124 120 125 120 124 124 129 125 130 125 129 130 129 134 135 134 129 134 135 139 140 139 135 139 140 144 145 144 140 151 152 153 154 153 152</p>
                </triangles>
                <lines count="53" material="Material4">
                    <input offset="0" semantic="VERTEX" source="#ID84" />
                    <p>12 13 12 14 14 15 16 15 17 16 13 17 56 57 57 58 58 59 59 60 60 61 61 62 62 63 63 64 64 65 65 66 66 67 67 68 68 69 69 70 70 71 71 72 72 14 56 12 57 81 81 82 58 82 82 91 59 91 91 96 60 96 96 101 61 101 101 106 62 106 106 111 63 111 111 116 64 116 116 121 65 121 121 126 66 126 126 131 67 131 131 136 68 136 136 141 69 141 141 146 70 146 146 155 71 155</p>
                </lines>
            </mesh>
        </geometry>
        <geometry id="ID90">
            <mesh>
                <source id="ID91">
                    <float_array id="ID96" count="63">87.08661 91.88976 826.0939 34.76378 39.56693 826.0939 34.76378 91.88976 826.0939 87.08661 39.56693 826.0939 87.08661 39.56693 826.0939 87.08661 91.88976 826.0939 34.76378 39.56693 826.0939 34.76378 91.88976 826.0939 34.76378 91.88976 826.0939 34.76378 39.56693 826.0939 87.08661 91.88976 826.0939 87.08661 39.56693 826.0939 87.08661 965.6299 826.0939 34.76378 965.6299 826.0939 87.08661 913.3071 826.0939 87.08661 913.3071 826.0939 87.08661 965.6299 826.0939 34.76378 965.6299 826.0939 87.08661 913.3071 826.0939 34.76378 965.6299 826.0939 87.08661 965.6299 826.0939</float_array>
                    <technique_common>
                        <accessor count="21" source="#ID96" stride="3">
                            <param name="X" type="float" />
                            <param name="Y" type="float" />
                            <param name="Z" type="float" />
                        </accessor>
                    </technique_common>
                </source>
                <source id="ID92">
                    <float_array id="ID97" count="63">0 0 -1 0 0 -1 0 0 -1 0 0 -1 -0 -0 1 -0 -0 1 -0 -0 1 -0 -0 1 0 0 0 0 0 0 0 0 0 0 0 0 0 0 -1 0 0 -1 0 0 -1 -0 -0 1 -0 -0 1 -0 -0 1 0 0 0 0 0 0 0 0 0</float_array>
                    <technique_common>
                        <accessor count="21" source="#ID97" stride="3">
                            <param name="X" type="float" />
                            <param name="Y" type="float" />
                            <param name="Z" type="float" />
                        </accessor>
                    </technique_common>
                </source>
                <source id="ID93">
                    <Name_array id="ID99" count="0" />
                    <technique_common>
                        <accessor count="0" source="#ID99" stride="1">
                            <param name="skp_material" type="Name" />
                        </accessor>
                    </technique_common>
                </source>
                <source id="ID95">
                    <float_array id="ID98" count="14">0.9138629 0.05566881 0.9656153 0.0239705 0.9656153 0.05566881 0.9138629 0.0239705 0.9138629 0.5849995 0.9656153 0.5849995 0.9138629 0.5533012</float_array>
                    <technique_common>
                        <accessor count="7" source="#ID98" stride="2">
                            <param name="S" type="float" />
                            <param name="T" type="float" />
                        </accessor>
                    </technique_common>
                </source>
                <vertices id="ID94">
                    <input semantic="POSITION" source="#ID91" />
                    <input semantic="NORMAL" source="#ID92" />
                </vertices>
                <triangles count="5" material="Material3">
                    <input offset="0" semantic="VERTEX" source="#ID94" />
                    <input offset="1" semantic="TEXCOORD" source="#ID95" />
                    <p>0 0 1 1 2 2 1 1 0 0 3 3 12 4 2 2 13 5 2 2 12 4 14 6 2 2 14 6 0 0</p>
                </triangles>
                <triangles count="5" material="Material2">
                    <input offset="0" semantic="VERTEX" source="#ID94" />
                    <p>4 5 6 7 6 5 5 15 7 15 16 7 17 7 16</p>
                </triangles>
                <lines count="8" material="Material4">
                    <input offset="0" semantic="VERTEX" source="#ID94" />
                    <p>8 9 8 10 11 10 9 11 18 10 19 8 19 20 20 18</p>
                </lines>
            </mesh>
        </geometry>
        <geometry id="ID100">
            <mesh>
                <source id="ID101">
                    <float_array id="ID105" count="36">1699.213 913.3071 1207.21 87.08661 91.88976 1207.21 87.08661 913.3071 1207.21 1699.213 91.88976 1207.21 1699.213 91.88976 1207.21 1699.213 913.3071 1207.21 87.08661 91.88976 1207.21 87.08661 913.3071 1207.21 1699.213 913.3071 1207.21 87.08661 913.3071 1207.21 1699.213 91.88976 1207.21 87.08661 91.88976 1207.21</float_array>
                    <technique_common>
                        <accessor count="12" source="#ID105" stride="3">
                            <param name="X" type="float" />
                            <param name="Y" type="float" />
                            <param name="Z" type="float" />
                        </accessor>
                    </technique_common>
                </source>
                <source id="ID102">
                    <float_array id="ID106" count="36">-7.051982e-17 1.384033e-16 -1 -7.051982e-17 1.384033e-16 -1 -7.051982e-17 1.384033e-16 -1 -7.051982e-17 1.384033e-16 -1 7.051982e-17 -1.384033e-16 1 7.051982e-17 -1.384033e-16 1 7.051982e-17 -1.384033e-16 1 7.051982e-17 -1.384033e-16 1 0 0 0 0 0 0 0 0 0 0 0 0</float_array>
                    <technique_common>
                        <accessor count="12" source="#ID106" stride="3">
                            <param name="X" type="float" />
                            <param name="Y" type="float" />
                            <param name="Z" type="float" />
                        </accessor>
                    </technique_common>
                </source>
                <source id="ID103">
                    <Name_array id="ID107" count="0" />
                    <technique_common>
                        <accessor count="0" source="#ID107" stride="1">
                            <param name="skp_material" type="Name" />
                        </accessor>
                    </technique_common>
                </source>
                <vertices id="ID104">
                    <input semantic="POSITION" source="#ID101" />
                    <input semantic="NORMAL" source="#ID102" />
                </vertices>
                <triangles count="2" material="Material2">
                    <input offset="0" semantic="VERTEX" source="#ID104" />
                    <p>0 1 2 1 0 3</p>
                </triangles>
                <triangles count="2" material="Material3">
                    <input offset="0" semantic="VERTEX" source="#ID104" />
                    <p>4 5 6 7 6 5</p>
                </triangles>
                <lines count="4" material="Material4">
                    <input offset="0" semantic="VERTEX" source="#ID104" />
                    <p>8 9 10 8 11 10 9 11</p>
                </lines>
            </mesh>
        </geometry>
        <geometry id="ID108">
            <mesh>
                <source id="ID109">
                    <float_array id="ID114" count="459">34.76378 91.88976 826.0939 64.48819 107.7953 743.378 34.76378 39.56693 826.0939 34.76378 965.6299 826.0939 64.48819 905.4724 743.378 64.48819 905.4724 743.378 34.76378 965.6299 826.0939 64.48819 107.7953 743.378 34.76378 91.88976 826.0939 34.76378 39.56693 826.0939 64.48819 905.4724 743.378 34.76378 965.6299 826.0939 64.48819 107.7953 743.378 34.76378 39.56693 826.0939 34.76378 91.88976 826.0939 64.48819 107.7953 743.378 64.48819 366.1545 544.8403 64.48819 107.7953 2.429564e-14 64.48819 385.0391 572.9154 64.48819 409.5366 596.2544 64.48819 438.493 613.7578 64.48819 470.5439 624.601 64.48819 905.4724 743.378 64.48819 353.7726 513.3518 64.48819 504.1796 628.273 64.48819 537.8152 624.601 64.48819 569.8662 613.7578 64.48819 598.8225 596.2544 64.48819 623.32 572.9154 64.48819 642.2046 544.8403 64.48819 654.5865 513.3518 64.48819 654.5865 1.214782e-14 64.48819 905.4724 2.429564e-14 64.48819 353.7726 1.214782e-14 64.48819 353.7726 513.3518 64.48819 107.7953 2.429564e-14 64.48819 353.7726 1.214782e-14 64.48819 905.4724 2.429564e-14 64.48819 905.4724 743.378 64.48819 654.5865 1.214782e-14 64.48819 654.5865 513.3518 64.48819 642.2046 544.8403 64.48819 623.32 572.9154 64.48819 598.8225 596.2544 64.48819 569.8662 613.7578 64.48819 537.8152 624.601 64.48819 504.1796 628.273 64.48819 470.5439 624.601 64.48819 366.1545 544.8403 64.48819 107.7953 743.378 64.48819 438.493 613.7578 64.48819 409.5366 596.2544 64.48819 385.0391 572.9154 64.48819 905.4724 2.429564e-14 64.48819 654.5865 1.214782e-14 64.48819 654.5865 513.3518 64.48819 642.2046 544.8403 64.48819 623.32 572.9154 64.48819 598.8225 596.2544 64.48819 569.8662 613.7578 64.48819 537.8152 624.601 64.48819 504.1796 628.273 64.48819 470.5439 624.601 64.48819 438.493 613.7578 64.48819 409.5366 596.2544 64.48819 385.0391 572.9154 64.48819 366.1545 544.8403 64.48819 353.7726 513.3518 64.48819 353.7726 1.214782e-14 64.48819 107.7953 2.429564e-14 628.3535 654.5865 4.539649e-14 64.48819 654.5865 513.3518 64.48819 654.5865 1.214782e-14 628.3535 654.5865 513.3518 628.3535 654.5865 513.3518 628.3535 654.5865 4.539649e-14 64.48819 654.5865 513.3518 64.48819 654.5865 1.214782e-14 628.3535 654.5865 4.539649e-14 628.3535 654.5865 513.3518 628.3535 642.2046 544.8403 64.48819 654.5865 513.3518 628.3535 654.5865 513.3518 64.48819 642.2046 544.8403 64.48819 642.2046 544.8403 628.3535 642.2046 544.8403 64.48819 654.5865 513.3518 628.3535 654.5865 513.3518 628.3535 642.2046 544.8403 628.3535 623.32 572.9154 64.48819 623.32 572.9154 64.48819 623.32 572.9154 628.3535 623.32 572.9154 628.3535 623.32 572.9154 64.48819 598.8225 596.2544 628.3535 598.8225 596.2544 628.3535 598.8225 596.2544 64.48819 598.8225 596.2544 628.3535 598.8225 596.2544 64.48819 569.8662 613.7578 628.3535 569.8662 613.7578 628.3535 569.8662 613.7578 64.48819 569.8662 613.7578 628.3535 569.8662 613.7578 64.48819 537.8152 624.601 628.3535 537.8152 624.601 628.3535 537.8152 624.601 64.48819 537.8152 624.601 628.3535 537.8152 624.601 64.48819 504.1796 628.273 628.3535 504.1796 628.273 628.3535 504.1796 628.273 64.48819 504.1796 628.273 628.3535 504.1796 628.273 64.48819 470.5439 624.601 628.3535 470.5439 624.601 628.3535 470.5439 624.601 64.48819 470.5439 624.601 628.3535 470.5439 624.601 64.48819 438.493 613.7578 628.3535 438.493 613.7578 628.3535 438.493 613.7578 64.48819 438.493 613.7578 628.3535 438.493 613.7578 64.48819 409.5366 596.2544 628.3535 409.5366 596.2544 628.3535 409.5366 596.2544 64.48819 409.5366 596.2544 628.3535 409.5366 596.2544 64.48819 385.0391 572.9154 628.3535 385.0391 572.9154 628.3535 385.0391 572.9154 64.48819 385.0391 572.9154 628.3535 385.0391 572.9154 628.3535 366.1545 544.8403 64.48819 366.1545 544.8403 628.3535 366.1545 544.8403 64.48819 366.1545 544.8403 628.3535 366.1545 544.8403 628.3535 353.7726 513.3518 64.48819 353.7726 513.3518 628.3535 353.7726 513.3518 64.48819 353.7726 513.3518 628.3535 353.7726 513.3518 64.48819 353.7726 513.3518 628.3535 353.7726 4.539649e-14 64.48819 353.7726 1.214782e-14 628.3535 353.7726 513.3518 628.3535 353.7726 513.3518 64.48819 353.7726 513.3518 628.3535 353.7726 4.539649e-14 64.48819 353.7726 1.214782e-14 628.3535 353.7726 4.539649e-14</float_array>
                    <technique_common>
                        <accessor count="153" source="#ID114" stride="3">
                            <param name="X" type="float" />
                            <param name="Y" type="float" />
                            <param name="Z" type="float" />
                        </accessor>
                    </technique_common>
                </source>
                <source id="ID110">
                    <float_array id="ID115" count="459">-0.9410805 -6.061705e-17 -0.3381825 -0.9410805 -6.061705e-17 -0.3381825 -0.9410805 -6.061705e-17 -0.3381825 -0.9410805 -6.061705e-17 -0.3381825 -0.9410805 -6.061705e-17 -0.3381825 0.9410805 6.061705e-17 0.3381825 0.9410805 6.061705e-17 0.3381825 0.9410805 6.061705e-17 0.3381825 0.9410805 6.061705e-17 0.3381825 0.9410805 6.061705e-17 0.3381825 0 0 0 0 0 0 0 0 0 0 0 0 0 0 0 -1 -7.106738e-17 -1.97084e-16 -1 -7.106738e-17 -1.97084e-16 -1 -7.106738e-17 -1.97084e-16 -1 -7.106738e-17 -1.97084e-16 -1 -7.106738e-17 -1.97084e-16 -1 -7.106738e-17 -1.97084e-16 -1 -7.106738e-17 -1.97084e-16 -1 -7.106738e-17 -1.97084e-16 -1 -7.106738e-17 -1.97084e-16 -1 -7.106738e-17 -1.97084e-16 -1 -7.106738e-17 -1.97084e-16 -1 -7.106738e-17 -1.97084e-16 -1 -7.106738e-17 -1.97084e-16 -1 -7.106738e-17 -1.97084e-16 -1 -7.106738e-17 -1.97084e-16 -1 -7.106738e-17 -1.97084e-16 -1 -7.106738e-17 -1.97084e-16 -1 -7.106738e-17 -1.97084e-16 -1 -7.106738e-17 -1.97084e-16 1 7.106738e-17 1.97084e-16 1 7.106738e-17 1.97084e-16 1 7.106738e-17 1.97084e-16 1 7.106738e-17 1.97084e-16 1 7.106738e-17 1.97084e-16 1 7.106738e-17 1.97084e-16 1 7.106738e-17 1.97084e-16 1 7.106738e-17 1.97084e-16 1 7.106738e-17 1.97084e-16 1 7.106738e-17 1.97084e-16 1 7.106738e-17 1.97084e-16 1 7.106738e-17 1.97084e-16 1 7.106738e-17 1.97084e-16 1 7.106738e-17 1.97084e-16 1 7.106738e-17 1.97084e-16 1 7.106738e-17 1.97084e-16 1 7.106738e-17 1.97084e-16 1 7.106738e-17 1.97084e-16 1 7.106738e-17 1.97084e-16 0 0 0 0 0 0 0 0 0 0 0 0 0 0 0 0 0 0 0 0 0 0 0 0 0 0 0 0 0 0 0 0 0 0 0 0 0 0 0 0 0 0 0 0 0 0 0 0 0 0 0 1.018947e-32 -1 -2.214599e-16 1.018947e-32 -1 -2.214599e-16 1.018947e-32 -1 -2.214599e-16 1.018947e-32 -1 -2.214599e-16 -1.018947e-32 1 2.214599e-16 -1.018947e-32 1 2.214599e-16 -1.018947e-32 1 2.214599e-16 -1.018947e-32 1 2.214599e-16 0 0 0 0 0 0 2.776512e-16 -0.8854249 -0.4647825 2.846012e-16 -0.9306364 -0.3659452 2.846012e-16 -0.9306364 -0.3659452 2.776512e-16 -0.8854249 -0.4647825 -2.776512e-16 0.8854249 0.4647825 -2.776512e-16 0.8854249 0.4647825 -2.846012e-16 0.9306364 0.3659452 -2.846012e-16 0.9306364 0.3659452 0 0 0 2.540325e-16 -0.7642811 -0.6448832 2.540325e-16 -0.7642811 -0.6448832 -2.540325e-16 0.7642811 0.6448832 -2.540325e-16 0.7642811 0.6448832 0 0 0 2.184457e-16 -0.6071306 -0.7946021 2.184457e-16 -0.6071306 -0.7946021 -2.184457e-16 0.6071306 0.7946021 -2.184457e-16 0.6071306 0.7946021 0 0 0 1.725675e-16 -0.4213768 -0.9068857 1.725675e-16 -0.4213768 -0.9068857 -1.725675e-16 0.4213768 0.9068857 -1.725675e-16 0.4213768 0.9068857 0 0 0 1.185594e-16 -0.2157711 -0.976444 1.185594e-16 -0.2157711 -0.976444 -1.185594e-16 0.2157711 0.976444 -1.185594e-16 0.2157711 0.976444 0 0 0 5.896561e-17 7.109894e-17 -1 5.896561e-17 8.887367e-17 -1 -5.896561e-17 -8.887367e-17 1 -5.896561e-17 -7.109894e-17 1 0 0 0 -3.406132e-18 0.2157711 -0.976444 -3.406132e-18 0.2157711 -0.976444 3.406132e-18 -0.2157711 0.976444 3.406132e-18 -0.2157711 0.976444 0 0 0 -6.561741e-17 0.4213768 -0.9068857 -6.561741e-17 0.4213768 -0.9068857 6.561741e-17 -0.4213768 0.9068857 6.561741e-17 -0.4213768 0.9068857 0 0 0 -1.247373e-16 0.6071306 -0.7946021 -1.247373e-16 0.6071306 -0.7946021 1.247373e-16 -0.6071306 0.7946021 1.247373e-16 -0.6071306 0.7946021 0 0 0 -1.779806e-16 0.7642811 -0.6448832 -1.779806e-16 0.7642811 -0.6448832 1.779806e-16 -0.7642811 0.6448832 1.779806e-16 -0.7642811 0.6448832 0 0 0 -2.228388e-16 0.8854249 -0.4647825 -2.228388e-16 0.8854249 -0.4647825 2.228388e-16 -0.8854249 0.4647825 2.228388e-16 -0.8854249 0.4647825 0 0 0 -2.414448e-16 0.9306364 -0.3659452 -2.414448e-16 0.9306364 -0.3659452 2.414448e-16 -0.9306364 0.3659452 2.414448e-16 -0.9306364 0.3659452 0 0 0 -0 1 -0 -0 1 -0 -0 1 -0 -0 1 -0 0 -1 0 0 -1 0 0 -1 0 0 -1 0 0 0 0</float_array>
                    <technique_common>
                        <accessor count="153" source="#ID115" stride="3">
                            <param name="X" type="float" />
                            <param name="Y" type="float" />
                            <param name="Z" type="float" />
                        </accessor>
                    </technique_common>
                </source>
                <source id="ID111">
                    <Name_array id="ID117" count="0" />
                    <technique_common>
                        <accessor count="0" source="#ID117" stride="1">
                            <param name="skp_material" type="Name" />
                        </accessor>
                    </technique_common>
                </source>
                <source id="ID113">
                    <float_array id="ID116" count="160">0.9091121 0.4638561 0.8933801 0.4106076 0.9608645 0.4638561 0.04489875 0.4638561 0.1044003 0.4106076 0.8933801 0.4503545 0.6378378 0.330076 0.8933801 7.019084e-18 0.6191592 0.3470846 0.5949287 0.3612239 0.5662881 0.3718278 0.5345866 0.3783968 0.1044003 0.4503545 0.6500847 0.3109996 0.5013177 0.3806214 0.4680488 0.3783968 0.4363473 0.3718278 0.4077067 0.3612239 0.3834763 0.3470846 0.3647976 0.330076 0.3525507 0.3109996 0.3525507 -3.403299e-19 0.1044003 7.019084e-18 0.6500847 -3.403299e-19 1.621502 -6.032057e-17 1.063785 0.3109996 1.063785 -8.046333e-17 1.621502 0.3109996 1.621502 0.1648056 1.063785 0.1443074 1.621502 0.1443074 1.063785 0.1648056 1.621502 0.07723351 1.063785 0.05673525 1.621502 0.05673525 1.063785 0.07723351 1.621502 -0.03399264 1.063785 -0.01349438 1.063785 -0.03399264 1.621502 -0.01349438 1.621502 -0.1236019 1.063785 -0.1031037 1.063785 -0.1236019 1.621502 -0.1031037 1.621502 -0.2078709 1.063785 -0.1873727 1.063785 -0.2078709 1.621502 -0.1873727 1.621502 -0.2828295 1.063785 -0.2623313 1.063785 -0.2828295 1.621502 -0.2623313 0.3784977 0.3449463 0.936215 0.3244481 0.936215 0.3449463 0.3784977 0.3244481 0.3784977 0.3912949 0.936215 0.3707966 0.936215 0.3912949 0.3784977 0.3707966 0.3784977 0.4196916 0.936215 0.3991933 0.936215 0.4196916 0.3784977 0.3991933 0.3784977 0.4287986 0.936215 0.4083003 0.936215 0.4287986 0.3784977 0.4083003 0.936215 0.4181868 0.3784977 0.3976886 0.936215 0.3976886 0.3784977 0.4181868 0.936215 0.3883563 0.3784977 0.3678581 0.936215 0.3678581 0.3784977 0.3883563 0.936215 0.3109996 0.3784977 2.750217e-17 0.936215 7.359413e-18 0.3784977 0.3109996</float_array>
                    <technique_common>
                        <accessor count="80" source="#ID116" stride="2">
                            <param name="S" type="float" />
                            <param name="T" type="float" />
                        </accessor>
                    </technique_common>
                </source>
                <vertices id="ID112">
                    <input semantic="POSITION" source="#ID109" />
                    <input semantic="NORMAL" source="#ID110" />
                </vertices>
                <triangles count="48" material="Material3">
                    <input offset="0" semantic="VERTEX" source="#ID112" />
                    <input offset="1" semantic="TEXCOORD" source="#ID113" />
                    <p>0 0 1 1 2 2 1 1 0 0 3 3 1 1 3 3 4 4 15 5 16 6 17 7 16 6 15 5 18 8 18 8 15 5 19 9 19 9 15 5 20 10 20 10 15 5 21 11 21 11 15 5 22 12 17 7 16 6 23 13 21 11 22 12 24 14 24 14 22 12 25 15 25 15 22 12 26 16 26 16 22 12 27 17 27 17 22 12 28 18 28 18 22 12 29 19 29 19 22 12 30 20 30 20 22 12 31 21 31 21 22 12 32 22 33 23 17 7 23 13 70 24 71 25 72 26 71 25 70 24 73 27 80 28 81 29 82 30 81 29 80 28 83 31 89 32 83 33 80 34 83 33 89 32 90 35 89 36 94 37 90 38 94 37 89 36 95 39 95 40 99 41 94 42 99 41 95 40 100 43 100 44 104 45 99 46 104 45 100 44 105 47 105 48 109 49 104 50 109 49 105 48 110 51 110 52 114 53 109 54 114 53 110 52 115 55 115 56 119 57 114 58 119 57 115 56 120 59 120 60 124 61 119 62 124 61 120 60 125 63 125 64 129 65 124 66 129 65 125 64 130 67 129 68 134 69 135 70 134 69 129 68 130 71 135 72 139 73 140 74 139 73 135 72 134 75 144 76 145 77 146 78 145 77 144 76 147 79</p>
                </triangles>
                <triangles count="48" material="Material2">
                    <input offset="0" semantic="VERTEX" source="#ID112" />
                    <p>5 6 7 6 8 7 9 7 8 34 35 36 37 38 39 39 38 40 40 38 41 41 38 42 42 38 43 43 38 44 44 38 45 45 38 46 46 38 47 34 48 35 38 49 47 47 49 50 50 49 51 51 49 52 52 49 48 35 48 49 74 75 76 77 76 75 84 85 86 87 86 85 91 92 84 85 84 92 96 92 97 91 97 92 101 96 102 97 102 96 106 101 107 102 107 101 111 106 112 107 112 106 116 111 117 112 117 111 121 116 122 117 122 116 126 121 127 122 127 121 131 126 132 127 132 126 131 132 136 137 136 132 136 137 141 142 141 137 148 149 150 151 150 149</p>
                </triangles>
                <lines count="52" material="Material4">
                    <input offset="0" semantic="VERTEX" source="#ID112" />
                    <p>10 11 12 10 13 12 14 13 11 14 53 54 55 54 55 56 56 57 57 58 58 59 59 60 60 61 61 62 62 63 63 64 64 65 65 66 66 67 68 67 68 69 69 12 53 10 54 78 79 78 55 79 79 88 56 88 88 93 57 93 93 98 58 98 98 103 59 103 103 108 60 108 108 113 61 113 113 118 62 118 118 123 63 123 123 128 64 128 128 133 65 133 133 138 66 138 138 143 67 143 152 143 68 152</p>
                </lines>
            </mesh>
        </geometry>
        <geometry id="ID118">
            <mesh>
                <source id="ID119">
                    <float_array id="ID124" count="312">1106.569 965.6299 826.0939 1714.331 905.4724 743.378 1149.048 905.4724 743.378 1751.535 965.6299 826.0939 1699.213 965.6299 826.0939 1699.213 965.6299 826.0939 1106.569 965.6299 826.0939 1751.535 965.6299 826.0939 1714.331 905.4724 743.378 1149.048 905.4724 743.378 1149.048 905.4724 743.378 1714.331 905.4724 743.378 1106.569 965.6299 826.0939 1699.213 965.6299 826.0939 1751.535 965.6299 826.0939 1149.048 905.4724 4.162184e-15 1714.331 905.4724 743.378 1714.331 905.4724 0 1149.048 905.4724 743.378 1149.048 905.4724 743.378 1149.048 905.4724 4.162184e-15 1714.331 905.4724 743.378 1714.331 905.4724 0 1714.331 905.4724 0 1149.048 905.4724 4.162184e-15 1149.048 107.7953 743.378 1149.048 362.589 535.2161 1149.048 107.7953 4.162184e-15 1149.048 379.9804 565.8118 1149.048 403.9972 591.5361 1149.048 433.3282 610.9847 1149.048 466.3719 623.0954 1149.048 905.4724 743.378 1149.048 352.7727 501.4198 1149.048 501.3239 627.2072 1149.048 536.276 623.0954 1149.048 569.3196 610.9847 1149.048 598.6506 591.5361 1149.048 622.6675 565.8118 1149.048 640.0589 535.2161 1149.048 649.8752 501.4198 1149.048 905.4724 4.162184e-15 1149.048 649.8752 -2.046213e-13 1149.048 352.7727 -2.046213e-13 1149.048 352.7727 501.4198 1149.048 107.7953 4.162184e-15 1149.048 352.7727 -2.046213e-13 1149.048 905.4724 743.378 1149.048 649.8752 501.4198 1149.048 905.4724 4.162184e-15 1149.048 649.8752 -2.046213e-13 1149.048 640.0589 535.2161 1149.048 622.6675 565.8118 1149.048 598.6506 591.5361 1149.048 569.3196 610.9847 1149.048 536.276 623.0954 1149.048 501.3239 627.2072 1149.048 466.3719 623.0954 1149.048 362.589 535.2161 1149.048 107.7953 743.378 1149.048 433.3282 610.9847 1149.048 403.9972 591.5361 1149.048 379.9804 565.8118 1149.048 649.8752 -2.046213e-13 1149.048 649.8752 501.4198 1149.048 640.0589 535.2161 1149.048 622.6675 565.8118 1149.048 598.6506 591.5361 1149.048 569.3196 610.9847 1149.048 536.276 623.0954 1149.048 501.3239 627.2072 1149.048 466.3719 623.0954 1149.048 433.3282 610.9847 1149.048 403.9972 591.5361 1149.048 379.9804 565.8118 1149.048 362.589 535.2161 1149.048 352.7727 501.4198 1149.048 352.7727 -2.046213e-13 1149.048 107.7953 4.162184e-15 1149.048 107.7953 743.378 1714.331 107.7953 743.378 1149.048 107.7953 4.162184e-15 1714.331 107.7953 0 1149.048 107.7953 743.378 1149.048 107.7953 743.378 1714.331 107.7953 743.378 1149.048 107.7953 4.162184e-15 1714.331 107.7953 0 1714.331 107.7953 743.378 1714.331 107.7953 0 1119.507 47.97013 826.0939 1149.048 107.7953 743.378 1714.331 107.7953 743.378 1714.331 107.7953 743.378 1149.048 107.7953 743.378 1119.507 47.97013 826.0939 1119.507 47.97013 826.0939 1119.507 47.97013 826.0939 1714.331 107.7953 743.378 1751.535 39.56693 826.0939 1751.535 39.56693 826.0939 1714.331 107.7953 743.378 1119.507 47.97013 826.0939 1751.535 39.56693 826.0939</float_array>
                    <technique_common>
                        <accessor count="104" source="#ID124" stride="3">
                            <param name="X" type="float" />
                            <param name="Y" type="float" />
                            <param name="Z" type="float" />
                        </accessor>
                    </technique_common>
                </source>
                <source id="ID120">
                    <float_array id="ID125" count="312">-0 0.8087339 -0.5881747 -0 0.8087339 -0.5881747 -0 0.8087339 -0.5881747 -0 0.8087339 -0.5881747 -0 0.8087339 -0.5881747 0 -0.8087339 0.5881747 0 -0.8087339 0.5881747 0 -0.8087339 0.5881747 0 -0.8087339 0.5881747 0 -0.8087339 0.5881747 0 0 0 0 0 0 0 0 0 0 0 0 0 0 0 -0 1 -0 -0 1 -0 -0 1 -0 -0 1 -0 0 -1 0 0 -1 0 0 -1 0 0 -1 0 0 0 0 0 0 0 -1 -3.105365e-16 -1.086849e-16 -1 -3.105365e-16 -1.086849e-16 -1 -3.105365e-16 -1.086849e-16 -1 -3.105365e-16 -1.086849e-16 -1 -3.105365e-16 -1.086849e-16 -1 -3.105365e-16 -1.086849e-16 -1 -3.105365e-16 -1.086849e-16 -1 -3.105365e-16 -1.086849e-16 -1 -3.105365e-16 -1.086849e-16 -1 -3.105365e-16 -1.086849e-16 -1 -3.105365e-16 -1.086849e-16 -1 -3.105365e-16 -1.086849e-16 -1 -3.105365e-16 -1.086849e-16 -1 -3.105365e-16 -1.086849e-16 -1 -3.105365e-16 -1.086849e-16 -1 -3.105365e-16 -1.086849e-16 -1 -3.105365e-16 -1.086849e-16 -1 -3.105365e-16 -1.086849e-16 -1 -3.105365e-16 -1.086849e-16 1 3.105365e-16 1.086849e-16 1 3.105365e-16 1.086849e-16 1 3.105365e-16 1.086849e-16 1 3.105365e-16 1.086849e-16 1 3.105365e-16 1.086849e-16 1 3.105365e-16 1.086849e-16 1 3.105365e-16 1.086849e-16 1 3.105365e-16 1.086849e-16 1 3.105365e-16 1.086849e-16 1 3.105365e-16 1.086849e-16 1 3.105365e-16 1.086849e-16 1 3.105365e-16 1.086849e-16 1 3.105365e-16 1.086849e-16 1 3.105365e-16 1.086849e-16 1 3.105365e-16 1.086849e-16 1 3.105365e-16 1.086849e-16 1 3.105365e-16 1.086849e-16 1 3.105365e-16 1.086849e-16 1 3.105365e-16 1.086849e-16 0 0 0 0 0 0 0 0 0 0 0 0 0 0 0 0 0 0 0 0 0 0 0 0 0 0 0 0 0 0 0 0 0 0 0 0 0 0 0 0 0 0 0 0 0 0 0 0 0 0 0 -7.541819e-17 -1 -4.133512e-34 -7.541819e-17 -1 -4.133512e-34 -7.541819e-17 -1 -4.133512e-34 -7.541819e-17 -1 -4.133512e-34 7.541819e-17 1 4.133512e-34 7.541819e-17 1 4.133512e-34 7.541819e-17 1 4.133512e-34 7.541819e-17 1 4.133512e-34 0 0 0 0 0 0 5.79877e-17 -0.8102796 -0.5860434 5.79877e-17 -0.8102796 -0.5860434 5.79877e-17 -0.8102796 -0.5860434 -5.79877e-17 0.8102796 0.5860434 -5.79877e-17 0.8102796 0.5860434 -5.79877e-17 0.8102796 0.5860434 0 0 0 -0.0102862 -0.7736547 -0.6335239 -0.0102862 -0.7736547 -0.6335239 -0.0102862 -0.7736547 -0.6335239 0.0102862 0.7736547 0.6335239 0.0102862 0.7736547 0.6335239 0.0102862 0.7736547 0.6335239 0 0 0</float_array>
                    <technique_common>
                        <accessor count="104" source="#ID125" stride="3">
                            <param name="X" type="float" />
                            <param name="Y" type="float" />
                            <param name="Z" type="float" />
                        </accessor>
                    </technique_common>
                </source>
                <source id="ID121">
                    <Name_array id="ID127" count="0" />
                    <technique_common>
                        <accessor count="0" source="#ID127" stride="1">
                            <param name="skp_material" type="Name" />
                        </accessor>
                    </technique_common>
                </source>
                <source id="ID123">
                    <float_array id="ID126" count="76">0.3823486 0.750937 0.04311519 0.6887999 0.3586377 0.6887999 0.0223487 0.750937 0.05155364 0.750937 0.3586377 2.528651e-18 0.04311519 0.4516244 0.04311519 0 0.3586377 0.4516244 0.9398321 0.4516244 0.7976144 0.3251598 0.9398321 -7.334223e-17 0.7879071 0.3437476 0.7745016 0.3593759 0.75813 0.3711915 0.7396861 0.3785491 0.4945941 0.4516244 0.8030935 0.3046275 0.7201769 0.3810472 0.7006678 0.3785491 0.6822239 0.3711915 0.6658523 0.3593759 0.6524468 0.3437476 0.6427395 0.3251598 0.6372604 0.3046275 0.4945941 -7.334223e-17 0.6372604 -2.001845e-16 0.8030935 -2.001845e-16 0.9568848 0.4516244 0.6413623 2.528651e-18 0.9568848 -2.70699e-35 0.6413623 0.4516244 0.6248731 0.3895813 0.6413623 0.3275628 0.9568848 0.3275628 0.6244619 0.364124 0.9560003 0.2991752 0.9772713 0.364124</float_array>
                    <technique_common>
                        <accessor count="38" source="#ID126" stride="2">
                            <param name="S" type="float" />
                            <param name="T" type="float" />
                        </accessor>
                    </technique_common>
                </source>
                <vertices id="ID122">
                    <input semantic="POSITION" source="#ID119" />
                    <input semantic="NORMAL" source="#ID120" />
                </vertices>
                <triangles count="26" material="Material3">
                    <input offset="0" semantic="VERTEX" source="#ID122" />
                    <input offset="1" semantic="TEXCOORD" source="#ID123" />
                    <p>0 0 1 1 2 2 1 1 0 0 3 3 3 3 0 0 4 4 15 5 16 6 17 7 16 6 15 5 18 8 25 9 26 10 27 11 26 10 25 9 28 12 28 12 25 9 29 13 29 13 25 9 30 14 30 14 25 9 31 15 31 15 25 9 32 16 27 11 26 10 33 17 31 15 32 16 34 18 34 18 32 16 35 19 35 19 32 16 36 20 36 20 32 16 37 21 37 21 32 16 38 22 38 22 32 16 39 23 39 23 32 16 40 24 40 24 41 25 42 26 41 25 40 24 32 16 43 27 27 11 33 17 80 28 81 29 82 30 81 29 80 28 83 31 90 32 91 33 92 34 97 35 98 36 99 37</p>
                </triangles>
                <triangles count="26" material="Material2">
                    <input offset="0" semantic="VERTEX" source="#ID122" />
                    <p>5 6 7 7 6 8 9 8 6 19 20 21 22 21 20 44 45 46 47 48 49 50 49 48 48 47 51 51 47 52 52 47 53 53 47 54 54 47 55 55 47 56 56 47 57 44 58 45 47 59 57 57 59 60 60 59 61 61 59 62 62 59 58 45 58 59 84 85 86 87 86 85 93 94 95 100 101 102</p>
                </triangles>
                <lines count="33" material="Material4">
                    <input offset="0" semantic="VERTEX" source="#ID122" />
                    <p>10 11 10 12 13 12 14 13 11 14 23 24 10 24 23 11 24 63 64 63 65 64 66 65 67 66 68 67 69 68 70 69 71 70 72 71 73 72 74 73 75 74 76 75 77 76 77 78 79 78 10 79 88 79 78 89 89 88 88 96 96 79 103 96 88 103</p>
                </lines>
            </mesh>
        </geometry>
        <geometry id="ID128">
            <mesh>
                <source id="ID129">
                    <float_array id="ID134" count="360">64.48819 905.4724 2.429564e-14 628.3535 905.4724 743.378 628.3535 905.4724 6.914106e-15 64.48819 905.4724 743.378 64.48819 905.4724 743.378 64.48819 905.4724 2.429564e-14 628.3535 905.4724 743.378 628.3535 905.4724 6.914106e-15 64.48819 905.4724 743.378 628.3535 905.4724 743.378 628.3535 905.4724 6.914106e-15 64.48819 905.4724 2.429564e-14 34.76378 965.6299 826.0939 628.3535 905.4724 743.378 64.48819 905.4724 743.378 87.08661 965.6299 826.0939 665.4913 965.6299 826.0939 665.4913 965.6299 826.0939 87.08661 965.6299 826.0939 628.3535 905.4724 743.378 34.76378 965.6299 826.0939 64.48819 905.4724 743.378 665.4913 965.6299 826.0939 87.08661 965.6299 826.0939 34.76378 965.6299 826.0939 628.3535 353.7726 4.539649e-14 628.3535 107.7953 743.378 628.3535 107.7953 6.914106e-15 628.3535 353.7726 513.3518 628.3535 366.1545 544.8403 628.3535 385.0391 572.9154 628.3535 409.5366 596.2544 628.3535 438.493 613.7578 628.3535 470.5439 624.601 628.3535 905.4724 743.378 628.3535 504.1796 628.273 628.3535 537.8152 624.601 628.3535 569.8662 613.7578 628.3535 598.8225 596.2544 628.3535 623.32 572.9154 628.3535 642.2046 544.8403 628.3535 654.5865 513.3518 628.3535 654.5865 4.539649e-14 628.3535 905.4724 6.914106e-15 628.3535 905.4724 6.914106e-15 628.3535 654.5865 4.539649e-14 628.3535 905.4724 743.378 628.3535 654.5865 513.3518 628.3535 642.2046 544.8403 628.3535 623.32 572.9154 628.3535 598.8225 596.2544 628.3535 569.8662 613.7578 628.3535 537.8152 624.601 628.3535 504.1796 628.273 628.3535 470.5439 624.601 628.3535 107.7953 743.378 628.3535 438.493 613.7578 628.3535 409.5366 596.2544 628.3535 385.0391 572.9154 628.3535 366.1545 544.8403 628.3535 353.7726 513.3518 628.3535 353.7726 4.539649e-14 628.3535 107.7953 6.914106e-15 628.3535 107.7953 743.378 628.3535 107.7953 6.914106e-15 628.3535 353.7726 4.539649e-14 628.3535 353.7726 513.3518 628.3535 366.1545 544.8403 628.3535 385.0391 572.9154 628.3535 409.5366 596.2544 628.3535 438.493 613.7578 628.3535 470.5439 624.601 628.3535 504.1796 628.273 628.3535 537.8152 624.601 628.3535 569.8662 613.7578 628.3535 598.8225 596.2544 628.3535 623.32 572.9154 628.3535 642.2046 544.8403 628.3535 654.5865 513.3518 628.3535 654.5865 4.539649e-14 628.3535 107.7953 743.378 64.48819 107.7953 2.429564e-14 628.3535 107.7953 6.914106e-15 64.48819 107.7953 743.378 64.48819 107.7953 743.378 628.3535 107.7953 743.378 64.48819 107.7953 2.429564e-14 628.3535 107.7953 6.914106e-15 64.48819 107.7953 743.378 64.48819 107.7953 2.429564e-14 629.6188 106.5688 743.3044 64.48819 107.7953 743.378 628.3535 107.7953 743.378 628.3535 107.7953 743.378 64.48819 107.7953 743.378 629.6188 106.5688 743.3044 629.6188 106.5688 743.3044 34.76378 39.56693 826.0939 64.48819 107.7953 743.378 629.6188 106.5688 743.3044 629.6188 106.5688 743.3044 64.48819 107.7953 743.378 34.76378 39.56693 826.0939 34.76378 39.56693 826.0939 666.7905 39.56693 826.0939 629.6188 106.5688 743.3044 628.3535 107.7953 743.378 628.3535 107.7953 743.378 629.6188 106.5688 743.3044 666.7905 39.56693 826.0939 666.7905 39.56693 826.0939 666.7905 39.56693 826.0939 87.08661 39.56693 826.0939 629.6188 106.5688 743.3044 34.76378 39.56693 826.0939 87.08661 39.56693 826.0939 629.6188 106.5688 743.3044 34.76378 39.56693 826.0939 666.7905 39.56693 826.0939 87.08661 39.56693 826.0939</float_array>
                    <technique_common>
                        <accessor count="120" source="#ID134" stride="3">
                            <param name="X" type="float" />
                            <param name="Y" type="float" />
                            <param name="Z" type="float" />
                        </accessor>
                    </technique_common>
                </source>
                <source id="ID130">
                    <float_array id="ID135" count="360">-0 1 -0 -0 1 -0 -0 1 -0 -0 1 -0 0 -1 0 0 -1 0 0 -1 0 0 -1 0 0 0 0 0 0 0 0 0 0 0 0 0 1.525901e-15 0.8087339 -0.5881747 1.525901e-15 0.8087339 -0.5881747 1.525901e-15 0.8087339 -0.5881747 1.525901e-15 0.8087339 -0.5881747 1.525901e-15 0.8087339 -0.5881747 -1.525901e-15 -0.8087339 0.5881747 -1.525901e-15 -0.8087339 0.5881747 -1.525901e-15 -0.8087339 0.5881747 -1.525901e-15 -0.8087339 0.5881747 -1.525901e-15 -0.8087339 0.5881747 0 0 0 0 0 0 0 0 0 1 -4.093977e-19 -7.646569e-17 1 -4.093977e-19 -7.646569e-17 1 -4.093977e-19 -7.646569e-17 1 -4.093977e-19 -7.646569e-17 1 -4.093977e-19 -7.646569e-17 1 -4.093977e-19 -7.646569e-17 1 -4.093977e-19 -7.646569e-17 1 -4.093977e-19 -7.646569e-17 1 -4.093977e-19 -7.646569e-17 1 -4.093977e-19 -7.646569e-17 1 -4.093977e-19 -7.646569e-17 1 -4.093977e-19 -7.646569e-17 1 -4.093977e-19 -7.646569e-17 1 -4.093977e-19 -7.646569e-17 1 -4.093977e-19 -7.646569e-17 1 -4.093977e-19 -7.646569e-17 1 -4.093977e-19 -7.646569e-17 1 -4.093977e-19 -7.646569e-17 1 -4.093977e-19 -7.646569e-17 -1 4.093977e-19 7.646569e-17 -1 4.093977e-19 7.646569e-17 -1 4.093977e-19 7.646569e-17 -1 4.093977e-19 7.646569e-17 -1 4.093977e-19 7.646569e-17 -1 4.093977e-19 7.646569e-17 -1 4.093977e-19 7.646569e-17 -1 4.093977e-19 7.646569e-17 -1 4.093977e-19 7.646569e-17 -1 4.093977e-19 7.646569e-17 -1 4.093977e-19 7.646569e-17 -1 4.093977e-19 7.646569e-17 -1 4.093977e-19 7.646569e-17 -1 4.093977e-19 7.646569e-17 -1 4.093977e-19 7.646569e-17 -1 4.093977e-19 7.646569e-17 -1 4.093977e-19 7.646569e-17 -1 4.093977e-19 7.646569e-17 -1 4.093977e-19 7.646569e-17 0 0 0 0 0 0 0 0 0 0 0 0 0 0 0 0 0 0 0 0 0 0 0 0 0 0 0 0 0 0 0 0 0 0 0 0 0 0 0 0 0 0 0 0 0 0 0 0 0 0 0 7.560771e-17 -1 1.194588e-32 7.560771e-17 -1 1.194588e-32 7.560771e-17 -1 1.194588e-32 7.560771e-17 -1 1.194588e-32 -7.560771e-17 1 -1.194588e-32 -7.560771e-17 1 -1.194588e-32 -7.560771e-17 1 -1.194588e-32 -7.560771e-17 1 -1.194588e-32 0 0 0 0 0 0 -4.549372e-18 0.05994409 -0.9982017 -4.549372e-18 0.05994409 -0.9982017 -4.549372e-18 0.05994409 -0.9982017 4.549372e-18 -0.05994409 0.9982017 4.549372e-18 -0.05994409 0.9982017 4.549372e-18 -0.05994409 0.9982017 0 0 0 -0.001756445 -0.7711183 -0.6366895 -0.001756445 -0.7711183 -0.6366895 -0.001756445 -0.7711183 -0.6366895 0.001756445 0.7711183 0.6366895 0.001756445 0.7711183 0.6366895 0.001756445 0.7711183 0.6366895 0 0 0 0.6812473 0.6877719 0.2507428 0.6812473 0.6877719 0.2507428 0.6812473 0.6877719 0.2507428 -0.6812473 -0.6877719 -0.2507428 -0.6812473 -0.6877719 -0.2507428 -0.6812473 -0.6877719 -0.2507428 0 0 0 -4.578245e-17 -0.7773284 -0.6290951 -4.578245e-17 -0.7773284 -0.6290951 -4.578245e-17 -0.7773284 -0.6290951 -4.578245e-17 -0.7773284 -0.6290951 4.578245e-17 0.7773284 0.6290951 4.578245e-17 0.7773284 0.6290951 4.578245e-17 0.7773284 0.6290951 4.578245e-17 0.7773284 0.6290951 0 0 0</float_array>
                    <technique_common>
                        <accessor count="120" source="#ID135" stride="3">
                            <param name="X" type="float" />
                            <param name="Y" type="float" />
                            <param name="Z" type="float" />
                        </accessor>
                    </technique_common>
                </source>
                <source id="ID131">
                    <Name_array id="ID137" count="0" />
                    <technique_common>
                        <accessor count="0" source="#ID137" stride="1">
                            <param name="skp_material" type="Name" />
                        </accessor>
                    </technique_common>
                </source>
                <source id="ID133">
                    <float_array id="ID136" count="90">0.9640047 1.476033e-17 0.6492731 0.4516244 0.6492731 4.200527e-18 0.9640047 0.4516244 0.980596 0.750937 0.6492731 0.6887999 0.9640047 0.6887999 0.951391 0.750937 0.6285439 0.750937 1.197465 5.677001e-17 1.060168 0.4516244 1.060168 3.339081e-17 1.197465 0.3118766 1.204376 0.3310068 1.214917 0.3480633 1.22859 0.3622424 1.244753 0.3728763 1.262643 0.3794638 1.505406 0.4516244 1.281417 0.3816947 1.300191 0.3794638 1.318081 0.3728763 1.334244 0.3622424 1.347917 0.3480633 1.358458 0.3310068 1.365369 0.3118766 1.365369 5.677001e-17 1.505406 3.339081e-17 0.3507269 0.4516244 0.03599525 1.476033e-17 0.3507269 4.200527e-18 0.03599525 0.4516244 -0.3514332 0.09169687 -0.03599525 0.09244331 -0.3507269 0.09244331 0.01935368 0.371672 0.03585811 0.306504 0.3512968 0.3064459 -0.2488813 0.4100804 -0.2078221 0.3581235 -0.2068386 0.3581697 0.3721812 0.3750008 0.04860897 0.3750008 0.3514332 0.3102957 0.01940403 0.3750008</float_array>
                    <technique_common>
                        <accessor count="45" source="#ID136" stride="2">
                            <param name="S" type="float" />
                            <param name="T" type="float" />
                        </accessor>
                    </technique_common>
                </source>
                <vertices id="ID132">
                    <input semantic="POSITION" source="#ID129" />
                    <input semantic="NORMAL" source="#ID130" />
                </vertices>
                <triangles count="29" material="Material3">
                    <input offset="0" semantic="VERTEX" source="#ID132" />
                    <input offset="1" semantic="TEXCOORD" source="#ID133" />
                    <p>0 0 1 1 2 2 1 1 0 0 3 3 12 4 13 5 14 6 13 5 12 4 15 7 13 5 15 7 16 8 25 9 26 10 27 11 26 10 25 9 28 12 26 10 28 12 29 13 26 10 29 13 30 14 26 10 30 14 31 15 26 10 31 15 32 16 26 10 32 16 33 17 26 10 33 17 34 18 34 18 33 17 35 19 34 18 35 19 36 20 34 18 36 20 37 21 34 18 37 21 38 22 34 18 38 22 39 23 34 18 39 23 40 24 34 18 40 24 41 25 34 18 41 25 42 26 34 18 42 26 43 27 80 28 81 29 82 30 81 29 80 28 83 31 90 32 91 33 92 34 97 35 98 36 99 37 104 38 105 39 106 40 111 41 112 42 113 43 114 44 113 43 112 42</p>
                </triangles>
                <triangles count="29" material="Material2">
                    <input offset="0" semantic="VERTEX" source="#ID132" />
                    <p>4 5 6 7 6 5 17 18 19 18 20 19 21 19 20 44 45 46 45 47 46 47 48 46 48 49 46 49 50 46 50 51 46 51 52 46 52 53 46 53 54 46 46 54 55 54 56 55 56 57 55 57 58 55 58 59 55 59 60 55 60 61 55 62 55 61 84 85 86 87 86 85 93 94 95 100 101 102 107 108 109 115 116 117 116 115 118</p>
                </triangles>
                <lines count="37" material="Material4">
                    <input offset="0" semantic="VERTEX" source="#ID132" />
                    <p>8 9 9 10 10 11 11 8 22 23 9 22 8 24 24 23 9 63 63 64 65 64 65 66 67 66 68 67 69 68 70 69 71 70 72 71 73 72 74 73 75 74 76 75 77 76 78 77 78 79 10 79 63 88 89 88 89 64 96 88 63 96 96 103 103 88 110 63 96 110 110 119 103 119</p>
                </lines>
            </mesh>
        </geometry>
        <geometry id="ID138">
            <mesh>
                <source id="ID139">
                    <float_array id="ID144" count="36">1699.213 913.3071 826.0939 1699.213 91.88976 1207.21 1699.213 91.88976 826.0939 1699.213 913.3071 1207.21 1699.213 913.3071 1207.21 1699.213 913.3071 826.0939 1699.213 91.88976 1207.21 1699.213 91.88976 826.0939 1699.213 91.88976 1207.21 1699.213 913.3071 1207.21 1699.213 91.88976 826.0939 1699.213 913.3071 826.0939</float_array>
                    <technique_common>
                        <accessor count="12" source="#ID144" stride="3">
                            <param name="X" type="float" />
                            <param name="Y" type="float" />
                            <param name="Z" type="float" />
                        </accessor>
                    </technique_common>
                </source>
                <source id="ID140">
                    <float_array id="ID145" count="36">1 -0 -0 1 -0 -0 1 -0 -0 1 -0 -0 -1 0 0 -1 0 0 -1 0 0 -1 0 0 0 0 0 0 0 0 0 0 0 0 0 0</float_array>
                    <technique_common>
                        <accessor count="12" source="#ID145" stride="3">
                            <param name="X" type="float" />
                            <param name="Y" type="float" />
                            <param name="Z" type="float" />
                        </accessor>
                    </technique_common>
                </source>
                <source id="ID141">
                    <Name_array id="ID147" count="0" />
                    <technique_common>
                        <accessor count="0" source="#ID147" stride="1">
                            <param name="skp_material" type="Name" />
                        </accessor>
                    </technique_common>
                </source>
                <source id="ID143">
                    <float_array id="ID146" count="8">0.9075469 0.5027913 0.09131022 0.7347524 0.09131022 0.5027913 0.9075469 0.7347524</float_array>
                    <technique_common>
                        <accessor count="4" source="#ID146" stride="2">
                            <param name="S" type="float" />
                            <param name="T" type="float" />
                        </accessor>
                    </technique_common>
                </source>
                <vertices id="ID142">
                    <input semantic="POSITION" source="#ID139" />
                    <input semantic="NORMAL" source="#ID140" />
                </vertices>
                <triangles count="2" material="Material3">
                    <input offset="0" semantic="VERTEX" source="#ID142" />
                    <input offset="1" semantic="TEXCOORD" source="#ID143" />
                    <p>0 0 1 1 2 2 1 1 0 0 3 3</p>
                </triangles>
                <triangles count="2" material="Material2">
                    <input offset="0" semantic="VERTEX" source="#ID142" />
                    <p>4 5 6 7 6 5</p>
                </triangles>
                <lines count="4" material="Material4">
                    <input offset="0" semantic="VERTEX" source="#ID142" />
                    <p>8 9 10 8 10 11 11 9</p>
                </lines>
            </mesh>
        </geometry>
        <geometry id="ID148">
            <mesh>
                <source id="ID149">
                    <float_array id="ID154" count="54">1751.535 913.3071 826.0939 1699.213 91.88976 826.0939 1699.213 913.3071 826.0939 1751.535 91.88976 826.0939 1751.535 91.88976 826.0939 1751.535 913.3071 826.0939 1699.213 91.88976 826.0939 1699.213 913.3071 826.0939 1699.213 91.88976 826.0939 1699.213 913.3071 826.0939 1751.535 913.3071 826.0939 1751.535 91.88976 826.0939 1751.535 965.6299 826.0939 1699.213 965.6299 826.0939 1751.535 965.6299 826.0939 1699.213 965.6299 826.0939 1751.535 965.6299 826.0939 1699.213 965.6299 826.0939</float_array>
                    <technique_common>
                        <accessor count="18" source="#ID154" stride="3">
                            <param name="X" type="float" />
                            <param name="Y" type="float" />
                            <param name="Z" type="float" />
                        </accessor>
                    </technique_common>
                </source>
                <source id="ID150">
                    <float_array id="ID155" count="54">0 0 -1 0 0 -1 0 0 -1 0 0 -1 -0 -0 1 -0 -0 1 -0 -0 1 -0 -0 1 0 0 0 0 0 0 0 0 0 0 0 0 0 0 -1 0 0 -1 -0 -0 1 -0 -0 1 0 0 0 0 0 0</float_array>
                    <technique_common>
                        <accessor count="18" source="#ID155" stride="3">
                            <param name="X" type="float" />
                            <param name="Y" type="float" />
                            <param name="Z" type="float" />
                        </accessor>
                    </technique_common>
                </source>
                <source id="ID151">
                    <Name_array id="ID157" count="0" />
                    <technique_common>
                        <accessor count="0" source="#ID157" stride="1">
                            <param name="skp_material" type="Name" />
                        </accessor>
                    </technique_common>
                </source>
                <source id="ID153">
                    <float_array id="ID156" count="12">-1.740489 0.5558725 -1.688496 0.05592751 -1.688496 0.5558725 -1.740489 0.05592751 -1.740489 0.5877181 -1.688496 0.5877181</float_array>
                    <technique_common>
                        <accessor count="6" source="#ID156" stride="2">
                            <param name="S" type="float" />
                            <param name="T" type="float" />
                        </accessor>
                    </technique_common>
                </source>
                <vertices id="ID152">
                    <input semantic="POSITION" source="#ID149" />
                    <input semantic="NORMAL" source="#ID150" />
                </vertices>
                <triangles count="4" material="Material3">
                    <input offset="0" semantic="VERTEX" source="#ID152" />
                    <input offset="1" semantic="TEXCOORD" source="#ID153" />
                    <p>0 0 1 1 2 2 1 1 0 0 3 3 12 4 2 2 13 5 2 2 12 4 0 0</p>
                </triangles>
                <triangles count="4" material="Material2">
                    <input offset="0" semantic="VERTEX" source="#ID152" />
                    <p>4 5 6 7 6 5 5 14 7 15 7 14</p>
                </triangles>
                <lines count="7" material="Material4">
                    <input offset="0" semantic="VERTEX" source="#ID152" />
                    <p>8 9 9 10 11 10 11 8 10 16 17 9 16 17</p>
                </lines>
            </mesh>
        </geometry>
        <geometry id="ID158">
            <mesh>
                <source id="ID159">
                    <float_array id="ID163" count="36">1699.213 913.3071 826.0939 1149.048 91.88976 826.0939 1149.048 913.3071 826.0939 1699.213 91.88976 826.0939 1699.213 91.88976 826.0939 1699.213 913.3071 826.0939 1149.048 91.88976 826.0939 1149.048 913.3071 826.0939 1699.213 91.88976 826.0939 1149.048 91.88976 826.0939 1149.048 913.3071 826.0939 1699.213 913.3071 826.0939</float_array>
                    <technique_common>
                        <accessor count="12" source="#ID163" stride="3">
                            <param name="X" type="float" />
                            <param name="Y" type="float" />
                            <param name="Z" type="float" />
                        </accessor>
                    </technique_common>
                </source>
                <source id="ID160">
                    <float_array id="ID164" count="36">1.033208e-15 6.920163e-16 -1 1.033208e-15 6.920163e-16 -1 1.033208e-15 6.920163e-16 -1 1.033208e-15 6.920163e-16 -1 -1.033208e-15 -6.920163e-16 1 -1.033208e-15 -6.920163e-16 1 -1.033208e-15 -6.920163e-16 1 -1.033208e-15 -6.920163e-16 1 0 0 0 0 0 0 0 0 0 0 0 0</float_array>
                    <technique_common>
                        <accessor count="12" source="#ID164" stride="3">
                            <param name="X" type="float" />
                            <param name="Y" type="float" />
                            <param name="Z" type="float" />
                        </accessor>
                    </technique_common>
                </source>
                <source id="ID161">
                    <Name_array id="ID165" count="0" />
                    <technique_common>
                        <accessor count="0" source="#ID165" stride="1">
                            <param name="skp_material" type="Name" />
                        </accessor>
                    </technique_common>
                </source>
                <vertices id="ID162">
                    <input semantic="POSITION" source="#ID159" />
                    <input semantic="NORMAL" source="#ID160" />
                </vertices>
                <triangles count="2" material="Material2">
                    <input offset="0" semantic="VERTEX" source="#ID162" />
                    <p>0 1 2 1 0 3</p>
                </triangles>
                <triangles count="2" material="Material3">
                    <input offset="0" semantic="VERTEX" source="#ID162" />
                    <p>4 5 6 7 6 5</p>
                </triangles>
                <lines count="4" material="Material4">
                    <input offset="0" semantic="VERTEX" source="#ID162" />
                    <p>8 9 10 9 11 10 8 11</p>
                </lines>
            </mesh>
        </geometry>
        <geometry id="ID166">
            <mesh>
                <source id="ID167">
                    <float_array id="ID171" count="36">64.48819 905.4724 2.429564e-14 628.3535 654.5865 4.539649e-14 64.48819 654.5865 1.214782e-14 628.3535 905.4724 6.914106e-15 628.3535 905.4724 6.914106e-15 64.48819 905.4724 2.429564e-14 628.3535 654.5865 4.539649e-14 64.48819 654.5865 1.214782e-14 628.3535 905.4724 6.914106e-15 628.3535 654.5865 4.539649e-14 64.48819 654.5865 1.214782e-14 64.48819 905.4724 2.429564e-14</float_array>
                    <technique_common>
                        <accessor count="12" source="#ID171" stride="3">
                            <param name="X" type="float" />
                            <param name="Y" type="float" />
                            <param name="Z" type="float" />
                        </accessor>
                    </technique_common>
                </source>
                <source id="ID168">
                    <float_array id="ID172" count="36">1.406996e-17 -5.248314e-17 -1 1.406996e-17 -5.248314e-17 -1 1.406996e-17 -5.248314e-17 -1 1.406996e-17 -5.248314e-17 -1 -1.406996e-17 5.248314e-17 1 -1.406996e-17 5.248314e-17 1 -1.406996e-17 5.248314e-17 1 -1.406996e-17 5.248314e-17 1 0 0 0 0 0 0 0 0 0 0 0 0</float_array>
                    <technique_common>
                        <accessor count="12" source="#ID172" stride="3">
                            <param name="X" type="float" />
                            <param name="Y" type="float" />
                            <param name="Z" type="float" />
                        </accessor>
                    </technique_common>
                </source>
                <source id="ID169">
                    <Name_array id="ID173" count="0" />
                    <technique_common>
                        <accessor count="0" source="#ID173" stride="1">
                            <param name="skp_material" type="Name" />
                        </accessor>
                    </technique_common>
                </source>
                <vertices id="ID170">
                    <input semantic="POSITION" source="#ID167" />
                    <input semantic="NORMAL" source="#ID168" />
                </vertices>
                <triangles count="2" material="Material2">
                    <input offset="0" semantic="VERTEX" source="#ID170" />
                    <p>0 1 2 1 0 3</p>
                </triangles>
                <triangles count="2" material="Material3">
                    <input offset="0" semantic="VERTEX" source="#ID170" />
                    <p>4 5 6 7 6 5</p>
                </triangles>
                <lines count="4" material="Material4">
                    <input offset="0" semantic="VERTEX" source="#ID170" />
                    <p>8 9 10 9 11 10 8 11</p>
                </lines>
            </mesh>
        </geometry>
        <geometry id="ID174">
            <mesh>
                <source id="ID175">
                    <float_array id="ID179" count="36">1149.048 352.7727 -2.046213e-13 1714.331 107.7953 0 1149.048 107.7953 4.162184e-15 1714.331 352.7727 0 1714.331 352.7727 0 1149.048 352.7727 -2.046213e-13 1714.331 107.7953 0 1149.048 107.7953 4.162184e-15 1149.048 352.7727 -2.046213e-13 1149.048 107.7953 4.162184e-15 1714.331 352.7727 0 1714.331 107.7953 0</float_array>
                    <technique_common>
                        <accessor count="12" source="#ID179" stride="3">
                            <param name="X" type="float" />
                            <param name="Y" type="float" />
                            <param name="Z" type="float" />
                        </accessor>
                    </technique_common>
                </source>
                <source id="ID176">
                    <float_array id="ID180" count="36">1.773089e-16 -4.261281e-16 -1 1.773089e-16 -4.261281e-16 -1 1.773089e-16 -4.261281e-16 -1 1.773089e-16 -4.261281e-16 -1 -1.773089e-16 4.261281e-16 1 -1.773089e-16 4.261281e-16 1 -1.773089e-16 4.261281e-16 1 -1.773089e-16 4.261281e-16 1 0 0 0 0 0 0 0 0 0 0 0 0</float_array>
                    <technique_common>
                        <accessor count="12" source="#ID180" stride="3">
                            <param name="X" type="float" />
                            <param name="Y" type="float" />
                            <param name="Z" type="float" />
                        </accessor>
                    </technique_common>
                </source>
                <source id="ID177">
                    <Name_array id="ID181" count="0" />
                    <technique_common>
                        <accessor count="0" source="#ID181" stride="1">
                            <param name="skp_material" type="Name" />
                        </accessor>
                    </technique_common>
                </source>
                <vertices id="ID178">
                    <input semantic="POSITION" source="#ID175" />
                    <input semantic="NORMAL" source="#ID176" />
                </vertices>
                <triangles count="2" material="Material2">
                    <input offset="0" semantic="VERTEX" source="#ID178" />
                    <p>0 1 2 1 0 3</p>
                </triangles>
                <triangles count="2" material="Material3">
                    <input offset="0" semantic="VERTEX" source="#ID178" />
                    <p>4 5 6 7 6 5</p>
                </triangles>
                <lines count="4" material="Material4">
                    <input offset="0" semantic="VERTEX" source="#ID178" />
                    <p>8 9 10 8 11 10 9 11</p>
                </lines>
            </mesh>
        </geometry>
        <geometry id="ID182">
            <mesh>
                <source id="ID183">
                    <float_array id="ID187" count="36">628.3535 913.3071 826.0939 87.08661 91.88976 826.0939 87.08661 913.3071 826.0939 628.3535 91.88976 826.0939 628.3535 91.88976 826.0939 628.3535 913.3071 826.0939 87.08661 91.88976 826.0939 87.08661 913.3071 826.0939 628.3535 913.3071 826.0939 628.3535 91.88976 826.0939 87.08661 91.88976 826.0939 87.08661 913.3071 826.0939</float_array>
                    <technique_common>
                        <accessor count="12" source="#ID187" stride="3">
                            <param name="X" type="float" />
                            <param name="Y" type="float" />
                            <param name="Z" type="float" />
                        </accessor>
                    </technique_common>
                </source>
                <source id="ID184">
                    <float_array id="ID188" count="36">-1.050192e-15 6.920163e-16 -1 -1.050192e-15 6.920163e-16 -1 -1.050192e-15 6.920163e-16 -1 -1.050192e-15 6.920163e-16 -1 1.050192e-15 -6.920163e-16 1 1.050192e-15 -6.920163e-16 1 1.050192e-15 -6.920163e-16 1 1.050192e-15 -6.920163e-16 1 0 0 0 0 0 0 0 0 0 0 0 0</float_array>
                    <technique_common>
                        <accessor count="12" source="#ID188" stride="3">
                            <param name="X" type="float" />
                            <param name="Y" type="float" />
                            <param name="Z" type="float" />
                        </accessor>
                    </technique_common>
                </source>
                <source id="ID185">
                    <Name_array id="ID189" count="0" />
                    <technique_common>
                        <accessor count="0" source="#ID189" stride="1">
                            <param name="skp_material" type="Name" />
                        </accessor>
                    </technique_common>
                </source>
                <vertices id="ID186">
                    <input semantic="POSITION" source="#ID183" />
                    <input semantic="NORMAL" source="#ID184" />
                </vertices>
                <triangles count="2" material="Material2">
                    <input offset="0" semantic="VERTEX" source="#ID186" />
                    <p>0 1 2 1 0 3</p>
                </triangles>
                <triangles count="2" material="Material3">
                    <input offset="0" semantic="VERTEX" source="#ID186" />
                    <p>4 5 6 7 6 5</p>
                </triangles>
                <lines count="4" material="Material4">
                    <input offset="0" semantic="VERTEX" source="#ID186" />
                    <p>8 9 9 10 11 10 8 11</p>
                </lines>
            </mesh>
        </geometry>
        <geometry id="ID190">
            <mesh>
                <source id="ID191">
                    <float_array id="ID195" count="36">1714.331 905.4724 0 1149.048 649.8752 -2.046213e-13 1149.048 905.4724 4.162184e-15 1714.331 649.8752 0 1714.331 649.8752 0 1714.331 905.4724 0 1149.048 649.8752 -2.046213e-13 1149.048 905.4724 4.162184e-15 1714.331 649.8752 0 1149.048 649.8752 -2.046213e-13 1149.048 905.4724 4.162184e-15 1714.331 905.4724 0</float_array>
                    <technique_common>
                        <accessor count="12" source="#ID195" stride="3">
                            <param name="X" type="float" />
                            <param name="Y" type="float" />
                            <param name="Z" type="float" />
                        </accessor>
                    </technique_common>
                </source>
                <source id="ID192">
                    <float_array id="ID196" count="36">1.773089e-16 4.084229e-16 -1 1.773089e-16 4.084229e-16 -1 1.773089e-16 4.084229e-16 -1 1.773089e-16 4.084229e-16 -1 -1.773089e-16 -4.084229e-16 1 -1.773089e-16 -4.084229e-16 1 -1.773089e-16 -4.084229e-16 1 -1.773089e-16 -4.084229e-16 1 0 0 0 0 0 0 0 0 0 0 0 0</float_array>
                    <technique_common>
                        <accessor count="12" source="#ID196" stride="3">
                            <param name="X" type="float" />
                            <param name="Y" type="float" />
                            <param name="Z" type="float" />
                        </accessor>
                    </technique_common>
                </source>
                <source id="ID193">
                    <Name_array id="ID197" count="0" />
                    <technique_common>
                        <accessor count="0" source="#ID197" stride="1">
                            <param name="skp_material" type="Name" />
                        </accessor>
                    </technique_common>
                </source>
                <vertices id="ID194">
                    <input semantic="POSITION" source="#ID191" />
                    <input semantic="NORMAL" source="#ID192" />
                </vertices>
                <triangles count="2" material="Material2">
                    <input offset="0" semantic="VERTEX" source="#ID194" />
                    <p>0 1 2 1 0 3</p>
                </triangles>
                <triangles count="2" material="Material3">
                    <input offset="0" semantic="VERTEX" source="#ID194" />
                    <p>4 5 6 7 6 5</p>
                </triangles>
                <lines count="4" material="Material4">
                    <input offset="0" semantic="VERTEX" source="#ID194" />
                    <p>8 9 10 9 11 10 8 11</p>
                </lines>
            </mesh>
        </geometry>
        <geometry id="ID198">
            <mesh>
                <source id="ID199">
                    <float_array id="ID203" count="36">628.3535 353.7726 4.539649e-14 64.48819 107.7953 2.429564e-14 64.48819 353.7726 1.214782e-14 628.3535 107.7953 6.914106e-15 628.3535 107.7953 6.914106e-15 628.3535 353.7726 4.539649e-14 64.48819 107.7953 2.429564e-14 64.48819 353.7726 1.214782e-14 64.48819 353.7726 1.214782e-14 628.3535 353.7726 4.539649e-14 628.3535 107.7953 6.914106e-15 64.48819 107.7953 2.429564e-14</float_array>
                    <technique_common>
                        <accessor count="12" source="#ID203" stride="3">
                            <param name="X" type="float" />
                            <param name="Y" type="float" />
                            <param name="Z" type="float" />
                        </accessor>
                    </technique_common>
                </source>
                <source id="ID200">
                    <float_array id="ID204" count="36">1.406996e-17 5.353046e-17 -1 1.406996e-17 5.353046e-17 -1 1.406996e-17 5.353046e-17 -1 1.406996e-17 5.353046e-17 -1 -1.406996e-17 -5.353046e-17 1 -1.406996e-17 -5.353046e-17 1 -1.406996e-17 -5.353046e-17 1 -1.406996e-17 -5.353046e-17 1 0 0 0 0 0 0 0 0 0 0 0 0</float_array>
                    <technique_common>
                        <accessor count="12" source="#ID204" stride="3">
                            <param name="X" type="float" />
                            <param name="Y" type="float" />
                            <param name="Z" type="float" />
                        </accessor>
                    </technique_common>
                </source>
                <source id="ID201">
                    <Name_array id="ID205" count="0" />
                    <technique_common>
                        <accessor count="0" source="#ID205" stride="1">
                            <param name="skp_material" type="Name" />
                        </accessor>
                    </technique_common>
                </source>
                <vertices id="ID202">
                    <input semantic="POSITION" source="#ID199" />
                    <input semantic="NORMAL" source="#ID200" />
                </vertices>
                <triangles count="2" material="Material2">
                    <input offset="0" semantic="VERTEX" source="#ID202" />
                    <p>0 1 2 1 0 3</p>
                </triangles>
                <triangles count="2" material="Material3">
                    <input offset="0" semantic="VERTEX" source="#ID202" />
                    <p>4 5 6 7 6 5</p>
                </triangles>
                <lines count="4" material="Material4">
                    <input offset="0" semantic="VERTEX" source="#ID202" />
                    <p>8 9 9 10 11 10 8 11</p>
                </lines>
            </mesh>
        </geometry>
        <geometry id="ID206">
            <mesh>
                <source id="ID207">
                    <float_array id="ID212" count="102">665.4913 965.6299 826.0939 87.08661 913.3071 826.0939 87.08661 965.6299 826.0939 628.3535 913.3071 826.0939 628.3535 91.88976 826.0939 665.4913 91.88976 826.0939 665.4913 913.3071 826.0939 665.4913 913.3071 826.0939 665.4913 965.6299 826.0939 665.4913 91.88976 826.0939 628.3535 91.88976 826.0939 628.3535 913.3071 826.0939 87.08661 913.3071 826.0939 87.08661 965.6299 826.0939 665.4913 965.6299 826.0939 87.08661 965.6299 826.0939 665.4913 913.3071 826.0939 665.4913 91.88976 826.0939 628.3535 91.88976 826.0939 628.3535 913.3071 826.0939 87.08661 913.3071 826.0939 628.3535 91.88976 826.0939 87.08661 39.56693 826.0939 87.08661 91.88976 826.0939 666.7905 39.56693 826.0939 665.4913 91.88976 826.0939 665.4913 91.88976 826.0939 628.3535 91.88976 826.0939 666.7905 39.56693 826.0939 87.08661 39.56693 826.0939 87.08661 91.88976 826.0939 87.08661 91.88976 826.0939 666.7905 39.56693 826.0939 87.08661 39.56693 826.0939</float_array>
                    <technique_common>
                        <accessor count="34" source="#ID212" stride="3">
                            <param name="X" type="float" />
                            <param name="Y" type="float" />
                            <param name="Z" type="float" />
                        </accessor>
                    </technique_common>
                </source>
                <source id="ID208">
                    <float_array id="ID213" count="102">8.20427e-16 5.602237e-16 -1 8.20427e-16 5.602237e-16 -1 8.20427e-16 5.602237e-16 -1 8.20427e-16 5.602237e-16 -1 8.20427e-16 5.602237e-16 -1 8.20427e-16 5.602237e-16 -1 8.20427e-16 5.602237e-16 -1 -8.20427e-16 -5.602237e-16 1 -8.20427e-16 -5.602237e-16 1 -8.20427e-16 -5.602237e-16 1 -8.20427e-16 -5.602237e-16 1 -8.20427e-16 -5.602237e-16 1 -8.20427e-16 -5.602237e-16 1 -8.20427e-16 -5.602237e-16 1 0 0 0 0 0 0 0 0 0 0 0 0 0 0 0 0 0 0 0 0 0 4.862979e-16 -6.931128e-15 -1 4.862979e-16 -6.931128e-15 -1 4.862979e-16 -6.931128e-15 -1 4.862979e-16 -6.931128e-15 -1 4.862979e-16 -6.931128e-15 -1 -4.862979e-16 6.931128e-15 1 -4.862979e-16 6.931128e-15 1 -4.862979e-16 6.931128e-15 1 -4.862979e-16 6.931128e-15 1 -4.862979e-16 6.931128e-15 1 0 0 0 0 0 0 0 0 0</float_array>
                    <technique_common>
                        <accessor count="34" source="#ID213" stride="3">
                            <param name="X" type="float" />
                            <param name="Y" type="float" />
                            <param name="Z" type="float" />
                        </accessor>
                    </technique_common>
                </source>
                <source id="ID209">
                    <Name_array id="ID215" count="0" />
                    <technique_common>
                        <accessor count="0" source="#ID215" stride="1">
                            <param name="skp_material" type="Name" />
                        </accessor>
                    </technique_common>
                </source>
                <source id="ID211">
                    <float_array id="ID214" count="24">0.6285439 0.5866491 0.951391 0.5548614 0.951391 0.5866491 0.6492731 0.5548614 0.6492731 0.05582578 0.6285439 0.05582578 0.6285439 0.5548614 -0.3507269 0.05582578 -0.04860897 0.02403809 -0.04860897 0.05582578 -0.3721812 0.02403809 -0.3714561 0.05582578</float_array>
                    <technique_common>
                        <accessor count="12" source="#ID214" stride="2">
                            <param name="S" type="float" />
                            <param name="T" type="float" />
                        </accessor>
                    </technique_common>
                </source>
                <vertices id="ID210">
                    <input semantic="POSITION" source="#ID207" />
                    <input semantic="NORMAL" source="#ID208" />
                </vertices>
                <triangles count="8" material="Material3">
                    <input offset="0" semantic="VERTEX" source="#ID210" />
                    <input offset="1" semantic="TEXCOORD" source="#ID211" />
                    <p>0 0 1 1 2 2 1 1 0 0 3 3 3 3 0 0 4 4 4 4 0 0 5 5 5 5 0 0 6 6 21 7 22 8 23 9 22 8 21 7 24 10 24 10 21 7 25 11</p>
                </triangles>
                <triangles count="8" material="Material2">
                    <input offset="0" semantic="VERTEX" source="#ID210" />
                    <p>7 8 9 9 8 10 10 8 11 11 8 12 13 12 8 26 27 28 28 27 29 30 29 27</p>
                </triangles>
                <lines count="11" material="Material4">
                    <input offset="0" semantic="VERTEX" source="#ID210" />
                    <p>14 15 16 14 17 16 17 18 19 18 19 20 15 20 18 31 17 32 32 33 33 31</p>
                </lines>
            </mesh>
        </geometry>
        <geometry id="ID216">
            <mesh>
                <source id="ID222">
                    <float_array id="ID227" count="90">629.6188 106.5688 743.3044 665.4913 91.88976 826.0939 666.7905 39.56693 826.0939 666.7905 39.56693 826.0939 665.4913 91.88976 826.0939 629.6188 106.5688 743.3044 629.6188 106.5688 743.3044 666.7905 39.56693 826.0939 665.4913 91.88976 826.0939 665.4913 913.3071 826.0939 665.4913 91.88976 826.0939 629.6188 106.5688 743.3044 629.6188 106.5688 743.3044 665.4913 91.88976 826.0939 665.4913 913.3071 826.0939 665.4913 913.3071 826.0939 665.4913 913.3071 826.0939 629.6188 106.5688 743.3044 628.363 905.5884 743.3992 628.363 905.5884 743.3992 629.6188 106.5688 743.3044 665.4913 913.3071 826.0939 628.363 905.5884 743.3992 665.4913 965.6299 826.0939 665.4913 913.3071 826.0939 628.363 905.5884 743.3992 628.363 905.5884 743.3992 665.4913 913.3071 826.0939 665.4913 965.6299 826.0939 665.4913 965.6299 826.0939</float_array>
                    <technique_common>
                        <accessor count="30" source="#ID227" stride="3">
                            <param name="X" type="float" />
                            <param name="Y" type="float" />
                            <param name="Z" type="float" />
                        </accessor>
                    </technique_common>
                </source>
                <source id="ID223">
                    <float_array id="ID228" count="90">0.918798 0.0228144 -0.3940682 0.918798 0.0228144 -0.3940682 0.918798 0.0228144 -0.3940682 -0.918798 -0.0228144 0.3940682 -0.918798 -0.0228144 0.3940682 -0.918798 -0.0228144 0.3940682 0 0 0 0 0 0 0 0 0 0.9175675 -2.261731e-16 -0.3975801 0.9175675 -2.261731e-16 -0.3975801 0.9175675 -2.261731e-16 -0.3975801 -0.9175675 2.261731e-16 0.3975801 -0.9175675 2.261731e-16 0.3975801 -0.9175675 2.261731e-16 0.3975801 0 0 0 0.9122165 0.001482294 -0.4097057 0.9122165 0.001482294 -0.4097057 0.9122165 0.001482294 -0.4097057 -0.9122165 -0.001482294 0.4097057 -0.9122165 -0.001482294 0.4097057 -0.9122165 -0.001482294 0.4097057 0 0 0 0.9122674 -2.921899e-07 -0.4095951 0.9122674 -2.921899e-07 -0.4095951 0.9122674 -2.921899e-07 -0.4095951 -0.9122674 2.921899e-07 0.4095951 -0.9122674 2.921899e-07 0.4095951 -0.9122674 2.921899e-07 0.4095951 0 0 0</float_array>
                    <technique_common>
                        <accessor count="30" source="#ID228" stride="3">
                            <param name="X" type="float" />
                            <param name="Y" type="float" />
                            <param name="Z" type="float" />
                        </accessor>
                    </technique_common>
                </source>
                <source id="ID224">
                    <Name_array id="ID230" count="0" />
                    <technique_common>
                        <accessor count="0" source="#ID230" stride="1">
                            <param name="skp_material" type="Name" />
                        </accessor>
                    </technique_common>
                </source>
                <source id="ID226">
                    <float_array id="ID229" count="24">0.0903336 0.8385414 0.07486675 0.8933666 0.02285788 0.8933666 0.9075469 0.89353 0.09131022 0.89353 0.1058967 0.8386144 0.9064712 0.8961215 0.1048799 0.8408838 0.8988612 0.8409471 0.95954 0.8957317 0.9075471 0.8957317 0.8998772 0.8405605</float_array>
                    <technique_common>
                        <accessor count="12" source="#ID229" stride="2">
                            <param name="S" type="float" />
                            <param name="T" type="float" />
                        </accessor>
                    </technique_common>
                </source>
                <vertices id="ID225">
                    <input semantic="POSITION" source="#ID222" />
                    <input semantic="NORMAL" source="#ID223" />
                </vertices>
                <triangles count="4" material="Material3">
                    <input offset="0" semantic="VERTEX" source="#ID225" />
                    <input offset="1" semantic="TEXCOORD" source="#ID226" />
                    <p>0 0 1 1 2 2 9 3 10 4 11 5 16 6 17 7 18 8 23 9 24 10 25 11</p>
                </triangles>
                <triangles count="4" material="Material2">
                    <input offset="0" semantic="VERTEX" source="#ID225" />
                    <p>3 4 5 12 13 14 19 20 21 26 27 28</p>
                </triangles>
                <lines count="9" material="Material4">
                    <input offset="0" semantic="VERTEX" source="#ID225" />
                    <p>6 7 6 8 8 7 8 15 6 15 22 15 6 22 15 29 22 29</p>
                </lines>
            </mesh>
        </geometry>
        <geometry id="ID231">
            <mesh>
                <source id="ID232">
                    <float_array id="ID237" count="102">1106.569 965.6299 826.0939 1149.048 913.3071 826.0939 1115.543 91.88976 826.0939 1699.213 965.6299 826.0939 1699.213 913.3071 826.0939 1149.048 91.88976 826.0939 1149.048 913.3071 826.0939 1115.543 91.88976 826.0939 1149.048 91.88976 826.0939 1699.213 913.3071 826.0939 1699.213 965.6299 826.0939 1106.569 965.6299 826.0939 1149.048 91.88976 826.0939 1115.543 91.88976 826.0939 1106.569 965.6299 826.0939 1699.213 965.6299 826.0939 1699.213 913.3071 826.0939 1149.048 913.3071 826.0939 1149.048 91.88976 826.0939 1119.507 47.97013 826.0939 1115.543 91.88976 826.0939 1751.535 39.56693 826.0939 1699.213 91.88976 826.0939 1751.535 91.88976 826.0939 1751.535 91.88976 826.0939 1699.213 91.88976 826.0939 1751.535 39.56693 826.0939 1149.048 91.88976 826.0939 1119.507 47.97013 826.0939 1115.543 91.88976 826.0939 1699.213 91.88976 826.0939 1751.535 91.88976 826.0939 1751.535 39.56693 826.0939 1119.507 47.97013 826.0939</float_array>
                    <technique_common>
                        <accessor count="34" source="#ID237" stride="3">
                            <param name="X" type="float" />
                            <param name="Y" type="float" />
                            <param name="Z" type="float" />
                        </accessor>
                    </technique_common>
                </source>
                <source id="ID233">
                    <float_array id="ID238" count="102">1.260016e-16 2.566565e-15 -1 1.260016e-16 2.566565e-15 -1 1.260016e-16 2.566565e-15 -1 1.260016e-16 2.566565e-15 -1 1.260016e-16 2.566565e-15 -1 1.260016e-16 2.566565e-15 -1 -1.260016e-16 -2.566565e-15 1 -1.260016e-16 -2.566565e-15 1 -1.260016e-16 -2.566565e-15 1 -1.260016e-16 -2.566565e-15 1 -1.260016e-16 -2.566565e-15 1 -1.260016e-16 -2.566565e-15 1 0 0 0 0 0 0 0 0 0 0 0 0 0 0 0 0 0 0 2.3448e-15 -2.045799e-14 -1 2.3448e-15 -2.045799e-14 -1 2.3448e-15 -2.045799e-14 -1 2.3448e-15 -2.045799e-14 -1 2.3448e-15 -2.045799e-14 -1 2.3448e-15 -2.045799e-14 -1 -2.3448e-15 2.045799e-14 1 -2.3448e-15 2.045799e-14 1 -2.3448e-15 2.045799e-14 1 -2.3448e-15 2.045799e-14 1 -2.3448e-15 2.045799e-14 1 -2.3448e-15 2.045799e-14 1 0 0 0 0 0 0 0 0 0 0 0 0</float_array>
                    <technique_common>
                        <accessor count="34" source="#ID238" stride="3">
                            <param name="X" type="float" />
                            <param name="Y" type="float" />
                            <param name="Z" type="float" />
                        </accessor>
                    </technique_common>
                </source>
                <source id="ID234">
                    <Name_array id="ID240" count="0" />
                    <technique_common>
                        <accessor count="0" source="#ID240" stride="1">
                            <param name="skp_material" type="Name" />
                        </accessor>
                    </technique_common>
                </source>
                <source id="ID236">
                    <float_array id="ID239" count="24">0.3823486 0.5866491 0.3586377 0.5548614 0.3773396 0.05582578 0.05155364 0.5866491 0.05155364 0.5548614 0.3586377 0.05582578 -0.6413623 0.05582578 -0.6248731 0.02914329 -0.6226604 0.05582578 -0.9776513 0.02403809 -0.9484464 0.05582578 -0.9776513 0.05582578</float_array>
                    <technique_common>
                        <accessor count="12" source="#ID239" stride="2">
                            <param name="S" type="float" />
                            <param name="T" type="float" />
                        </accessor>
                    </technique_common>
                </source>
                <vertices id="ID235">
                    <input semantic="POSITION" source="#ID232" />
                    <input semantic="NORMAL" source="#ID233" />
                </vertices>
                <triangles count="8" material="Material3">
                    <input offset="0" semantic="VERTEX" source="#ID235" />
                    <input offset="1" semantic="TEXCOORD" source="#ID236" />
                    <p>0 0 1 1 2 2 1 1 0 0 3 3 1 1 3 3 4 4 5 5 2 2 1 1 18 6 19 7 20 8 19 7 18 6 21 9 21 9 18 6 22 10 21 9 22 10 23 11</p>
                </triangles>
                <triangles count="8" material="Material2">
                    <input offset="0" semantic="VERTEX" source="#ID235" />
                    <p>6 7 8 9 10 6 10 11 6 7 6 11 24 25 26 25 27 26 26 27 28 29 28 27</p>
                </triangles>
                <lines count="11" material="Material4">
                    <input offset="0" semantic="VERTEX" source="#ID235" />
                    <p>12 13 14 13 15 14 15 16 16 17 17 12 30 12 31 30 32 31 32 33 13 33</p>
                </lines>
            </mesh>
        </geometry>
        <geometry id="ID241">
            <mesh>
                <source id="ID242">
                    <float_array id="ID247" count="69">1152.608 108.4644 742.8511 1119.507 47.97013 826.0939 1115.543 91.88976 826.0939 1115.543 91.88976 826.0939 1119.507 47.97013 826.0939 1152.608 108.4644 742.8511 1115.543 91.88976 826.0939 1119.507 47.97013 826.0939 1152.608 108.4644 742.8511 1106.569 965.6299 826.0939 1152.608 108.4644 742.8511 1115.543 91.88976 826.0939 1115.543 91.88976 826.0939 1152.608 108.4644 742.8511 1106.569 965.6299 826.0939 1106.569 965.6299 826.0939 1106.569 965.6299 826.0939 1149.048 905.4724 743.378 1152.608 108.4644 742.8511 1152.608 108.4644 742.8511 1149.048 905.4724 743.378 1106.569 965.6299 826.0939 1149.048 905.4724 743.378</float_array>
                    <technique_common>
                        <accessor count="23" source="#ID247" stride="3">
                            <param name="X" type="float" />
                            <param name="Y" type="float" />
                            <param name="Z" type="float" />
                        </accessor>
                    </technique_common>
                </source>
                <source id="ID243">
                    <float_array id="ID248" count="69">-0.9043412 -0.08162701 -0.4189319 -0.9043412 -0.08162701 -0.4189319 -0.9043412 -0.08162701 -0.4189319 0.9043412 0.08162701 0.4189319 0.9043412 0.08162701 0.4189319 0.9043412 0.08162701 0.4189319 0 0 0 0 0 0 0 0 0 -0.9127952 -0.009375097 -0.40831 -0.9127952 -0.009375097 -0.40831 -0.9127952 -0.009375097 -0.40831 0.9127952 0.009375097 0.40831 0.9127952 0.009375097 0.40831 0.9127952 0.009375097 0.40831 0 0 0 -0.8906275 -0.003677496 -0.4547187 -0.8906275 -0.003677496 -0.4547187 -0.8906275 -0.003677496 -0.4547187 0.8906275 0.003677496 0.4547187 0.8906275 0.003677496 0.4547187 0.8906275 0.003677496 0.4547187 0 0 0</float_array>
                    <technique_common>
                        <accessor count="23" source="#ID248" stride="3">
                            <param name="X" type="float" />
                            <param name="Y" type="float" />
                            <param name="Z" type="float" />
                        </accessor>
                    </technique_common>
                </source>
                <source id="ID244">
                    <Name_array id="ID250" count="0" />
                    <technique_common>
                        <accessor count="0" source="#ID250" stride="1">
                            <param name="skp_material" type="Name" />
                        </accessor>
                    </technique_common>
                </source>
                <source id="ID246">
                    <float_array id="ID249" count="18">0.9956375 0.3362481 1.052287 0.391787 1.008669 0.391787 0.05618991 0.4021119 0.9044323 0.3468666 0.9204489 0.4021119 0.04941165 0.3620495 0.1090862 0.3057851 0.8974119 0.3054267</float_array>
                    <technique_common>
                        <accessor count="9" source="#ID249" stride="2">
                            <param name="S" type="float" />
                            <param name="T" type="float" />
                        </accessor>
                    </technique_common>
                </source>
                <vertices id="ID245">
                    <input semantic="POSITION" source="#ID242" />
                    <input semantic="NORMAL" source="#ID243" />
                </vertices>
                <triangles count="3" material="Material3">
                    <input offset="0" semantic="VERTEX" source="#ID245" />
                    <input offset="1" semantic="TEXCOORD" source="#ID246" />
                    <p>0 0 1 1 2 2 9 3 10 4 11 5 16 6 17 7 18 8</p>
                </triangles>
                <triangles count="3" material="Material2">
                    <input offset="0" semantic="VERTEX" source="#ID245" />
                    <p>3 4 5 12 13 14 19 20 21</p>
                </triangles>
                <lines count="7" material="Material4">
                    <input offset="0" semantic="VERTEX" source="#ID245" />
                    <p>6 7 6 8 7 8 15 8 15 6 8 22 22 15</p>
                </lines>
            </mesh>
        </geometry>
        <geometry id="ID251">
            <mesh>
                <source id="ID252">
                    <float_array id="ID257" count="297">587.224 355.3216 1572.795 491.7634 673.3794 1572.795 491.7634 355.3216 1572.795 587.224 673.3794 1572.795 160.7219 166.2312 1572.795 491.7634 288.1497 1572.795 160.7219 872.6485 1572.795 1599.068 166.2312 1572.795 587.224 288.1497 1572.795 1150.689 288.1497 1572.795 1150.689 289.5618 1572.795 1246.149 289.5618 1572.795 1246.149 356.7336 1572.795 1248.405 669.252 1572.795 1248.405 740.5513 1572.795 491.7634 740.5513 1572.795 1599.068 872.6485 1572.795 587.224 740.5513 1572.795 1150.689 740.5513 1572.795 1150.689 669.252 1572.795 1150.689 356.7336 1572.795 1248.405 669.252 1572.795 1246.149 356.7336 1572.795 1150.689 669.252 1572.795 1150.689 356.7336 1572.795 1599.068 166.2312 1572.795 1248.405 740.5513 1572.795 1599.068 872.6485 1572.795 1150.689 740.5513 1572.795 587.224 740.5513 1572.795 491.7634 740.5513 1572.795 491.7634 673.3794 1572.795 491.7634 355.3216 1572.795 491.7634 288.1497 1572.795 160.7219 872.6485 1572.795 1246.149 289.5618 1572.795 1150.689 289.5618 1572.795 1150.689 288.1497 1572.795 587.224 288.1497 1572.795 160.7219 166.2312 1572.795 587.224 673.3794 1572.795 587.224 355.3216 1572.795 1599.068 872.6485 1572.795 1599.068 166.2312 1572.795 160.7219 872.6485 1572.795 160.7219 166.2312 1572.795 587.224 673.3794 1572.795 587.224 355.3216 1572.795 491.7634 673.3794 1572.795 491.7634 740.5513 1572.795 587.224 740.5513 1572.795 1150.689 740.5513 1572.795 1248.405 740.5513 1572.795 1248.405 669.252 1572.795 1150.689 669.252 1572.795 1150.689 356.7336 1572.795 1246.149 356.7336 1572.795 1246.149 289.5618 1572.795 1150.689 289.5618 1572.795 1150.689 288.1497 1572.795 587.224 288.1497 1572.795 491.7634 288.1497 1572.795 491.7634 355.3216 1572.795 1599.068 872.6485 1640.354 1599.068 166.2312 1572.795 1599.068 166.2312 1640.354 1599.068 872.6485 1572.795 1599.068 872.6485 1572.795 1599.068 872.6485 1640.354 1599.068 166.2312 1572.795 1599.068 166.2312 1640.354 1599.068 872.6485 1640.354 1599.068 166.2312 1640.354 1599.068 872.6485 1640.354 160.7219 872.6485 1572.795 1599.068 872.6485 1572.795 160.7219 872.6485 1640.354 160.7219 872.6485 1640.354 1599.068 872.6485 1640.354 160.7219 872.6485 1572.795 1599.068 872.6485 1572.795 160.7219 872.6485 1640.354 160.7219 872.6485 1572.795 160.7219 166.2312 1640.354 160.7219 166.2312 1572.795 160.7219 872.6485 1640.354 160.7219 872.6485 1640.354 160.7219 872.6485 1572.795 160.7219 166.2312 1640.354 160.7219 166.2312 1572.795 160.7219 166.2312 1640.354 160.7219 166.2312 1640.354 1599.068 166.2312 1572.795 160.7219 166.2312 1572.795 1599.068 166.2312 1640.354 1599.068 166.2312 1640.354 160.7219 166.2312 1640.354 1599.068 166.2312 1572.795 160.7219 166.2312 1572.795</float_array>
                    <technique_common>
                        <accessor count="99" source="#ID257" stride="3">
                            <param name="X" type="float" />
                            <param name="Y" type="float" />
                            <param name="Z" type="float" />
                        </accessor>
                    </technique_common>
                </source>
                <source id="ID253">
                    <float_array id="ID258" count="297">-0 -0 1 -0 -0 1 -0 -0 1 -0 -0 1 -0 -0 1 -0 -0 1 -0 -0 1 -0 -0 1 -0 -0 1 -0 -0 1 -0 -0 1 -0 -0 1 -0 -0 1 -0 -0 1 -0 -0 1 -0 -0 1 -0 -0 1 -0 -0 1 -0 -0 1 -0 -0 1 -0 -0 1 0 0 -1 0 0 -1 0 0 -1 0 0 -1 0 0 -1 0 0 -1 0 0 -1 0 0 -1 0 0 -1 0 0 -1 0 0 -1 0 0 -1 0 0 -1 0 0 -1 0 0 -1 0 0 -1 0 0 -1 0 0 -1 0 0 -1 0 0 -1 0 0 -1 0 0 0 0 0 0 0 0 0 0 0 0 0 0 0 0 0 0 0 0 0 0 0 0 0 0 0 0 0 0 0 0 0 0 0 0 0 0 0 0 0 0 0 0 0 0 0 0 0 0 0 0 0 0 0 0 0 0 0 0 0 0 0 -1 0 -0 -1 0 -0 -1 0 -0 -1 0 -0 1 -0 0 1 -0 0 1 -0 0 1 -0 0 0 0 0 0 0 0 -0 -1 -0 -0 -1 -0 -0 -1 -0 -0 -1 -0 0 1 0 0 1 0 0 1 0 0 1 0 0 0 0 1 0 0 1 0 0 1 0 0 1 0 0 -1 -0 -0 -1 -0 -0 -1 -0 -0 -1 -0 -0 0 0 0 -0 1 -0 -0 1 -0 -0 1 -0 -0 1 -0 0 -1 0 0 -1 0 0 -1 0 0 -1 0</float_array>
                    <technique_common>
                        <accessor count="99" source="#ID258" stride="3">
                            <param name="X" type="float" />
                            <param name="Y" type="float" />
                            <param name="Z" type="float" />
                        </accessor>
                    </technique_common>
                </source>
                <source id="ID254">
                    <Name_array id="ID260" count="0" />
                    <technique_common>
                        <accessor count="0" source="#ID260" stride="1">
                            <param name="skp_material" type="Name" />
                        </accessor>
                    </technique_common>
                </source>
                <source id="ID256">
                    <float_array id="ID259" count="74">0.3158731 0.3147289 0.2577603 0.683532 0.2577603 0.3147289 0.3158731 0.683532 0.05623469 0.09546965 0.2577603 0.2368399 0.05623469 0.914594 0.9318459 0.09546965 0.3158731 0.2368399 0.6588891 0.2368399 0.6588891 0.2384773 0.717002 0.2384773 0.717002 0.3163662 0.7183753 0.6787461 0.7183753 0.7614209 0.2577603 0.7614209 0.9318459 0.914594 0.3158731 0.7614209 0.6588891 0.7614209 0.6588891 0.6787461 0.6588891 0.3163662 -0.5728423 1.804785 -0.142802 1.726447 -0.142802 1.804785 -0.5728423 1.726447 0.9318459 1.804785 0.05623469 1.726447 0.9318459 1.726447 0.05623469 1.804785 0.4896288 1.726447 0.05958854 1.804785 0.05958854 1.726447 0.4896288 1.804785 -0.1394482 1.804785 -1.015059 1.726447 -0.1394482 1.726447 -1.015059 1.804785</float_array>
                    <technique_common>
                        <accessor count="37" source="#ID259" stride="2">
                            <param name="S" type="float" />
                            <param name="T" type="float" />
                        </accessor>
                    </technique_common>
                </source>
                <vertices id="ID255">
                    <input semantic="POSITION" source="#ID252" />
                    <input semantic="NORMAL" source="#ID253" />
                </vertices>
                <triangles count="29" material="Material3">
                    <input offset="0" semantic="VERTEX" source="#ID255" />
                    <input offset="1" semantic="TEXCOORD" source="#ID256" />
                    <p>0 0 1 1 2 2 1 1 0 0 3 3 4 4 5 5 6 6 5 5 4 4 7 7 5 5 7 7 8 8 8 8 7 7 9 9 9 9 7 7 10 10 10 10 7 7 11 11 11 11 7 7 12 12 12 12 7 7 13 13 13 13 7 7 14 14 6 6 15 15 16 16 15 15 6 6 5 5 15 15 5 5 2 2 15 15 2 2 1 1 16 16 15 15 17 17 16 16 17 17 18 18 16 16 18 18 14 14 16 16 14 14 7 7 12 12 19 19 20 20 19 19 12 12 13 13 63 21 64 22 65 23 64 22 63 21 66 24 73 25 74 26 75 27 74 26 73 25 76 28 82 29 83 30 84 31 83 30 82 29 85 32 91 33 92 34 93 35 92 34 91 33 94 36</p>
                </triangles>
                <triangles count="29" material="Material2">
                    <input offset="0" semantic="VERTEX" source="#ID255" />
                    <p>21 22 23 24 23 22 25 26 27 26 28 27 28 29 27 29 30 27 31 32 30 32 33 30 33 34 30 27 30 34 26 25 21 21 25 22 22 25 35 35 25 36 36 25 37 37 25 38 38 25 33 25 39 33 34 33 39 40 41 31 32 31 41 67 68 69 70 69 68 77 78 79 80 79 78 86 87 88 89 88 87 95 96 97 98 97 96</p>
                </triangles>
                <lines count="29" material="Material4">
                    <input offset="0" semantic="VERTEX" source="#ID255" />
                    <p>42 43 44 42 45 44 43 45 46 47 46 48 48 49 49 50 51 50 51 52 52 53 53 54 55 54 55 56 56 57 57 58 59 58 60 59 60 61 61 62 62 47 71 72 71 42 72 43 81 71 81 44 90 81 90 45 72 90</p>
                </lines>
            </mesh>
        </geometry>
        <geometry id="ID261">
            <mesh>
                <source id="ID262">
                    <float_array id="ID267" count="660">1150.689 288.1497 1633.858 587.224 355.3216 1633.858 587.224 288.1497 1633.858 587.224 673.3794 1633.858 587.224 740.5513 1633.858 1150.689 740.5513 1633.858 1150.689 289.5618 1633.858 1150.689 356.7336 1633.858 1150.689 669.252 1633.858 1150.689 669.252 1633.858 1150.689 356.7336 1633.858 1150.689 740.5513 1633.858 1150.689 289.5618 1633.858 1150.689 288.1497 1633.858 587.224 740.5513 1633.858 587.224 673.3794 1633.858 587.224 355.3216 1633.858 587.224 288.1497 1633.858 1150.689 740.5513 1633.858 587.224 740.5513 1633.858 587.224 673.3794 1633.858 587.224 355.3216 1633.858 587.224 288.1497 1633.858 1150.689 288.1497 1633.858 1150.689 289.5618 1633.858 1150.689 356.7336 1633.858 1150.689 669.252 1633.858 587.224 740.5513 1633.858 1150.689 740.5513 1572.795 587.224 740.5513 1572.795 1150.689 740.5513 1633.858 1150.689 740.5513 1633.858 587.224 740.5513 1633.858 1150.689 740.5513 1572.795 587.224 740.5513 1572.795 1150.689 740.5513 1572.795 587.224 740.5513 1572.795 587.224 673.3794 1633.858 491.7634 740.5513 1633.858 491.7634 673.3794 1633.858 587.224 740.5513 1633.858 587.224 740.5513 1633.858 587.224 673.3794 1633.858 491.7634 740.5513 1633.858 491.7634 673.3794 1633.858 491.7634 673.3794 1633.858 491.7634 740.5513 1633.858 587.224 740.5513 1633.858 587.224 673.3794 1572.795 587.224 673.3794 1633.858 587.224 740.5513 1572.795 587.224 740.5513 1572.795 587.224 740.5513 1633.858 587.224 673.3794 1572.795 587.224 673.3794 1633.858 587.224 673.3794 1572.795 587.224 355.3216 1572.795 587.224 355.3216 1633.858 587.224 355.3216 1572.795 587.224 355.3216 1633.858 587.224 355.3216 1572.795 587.224 288.1497 1633.858 491.7634 355.3216 1633.858 491.7634 288.1497 1633.858 587.224 355.3216 1633.858 587.224 355.3216 1633.858 587.224 288.1497 1633.858 491.7634 355.3216 1633.858 491.7634 288.1497 1633.858 491.7634 288.1497 1633.858 491.7634 355.3216 1633.858 587.224 288.1497 1572.795 587.224 288.1497 1633.858 587.224 288.1497 1572.795 587.224 288.1497 1633.858 587.224 288.1497 1572.795 1150.689 288.1497 1633.858 587.224 288.1497 1572.795 1150.689 288.1497 1572.795 587.224 288.1497 1633.858 587.224 288.1497 1633.858 1150.689 288.1497 1633.858 587.224 288.1497 1572.795 1150.689 288.1497 1572.795 1150.689 288.1497 1572.795 1150.689 289.5618 1572.795 1150.689 288.1497 1633.858 1150.689 288.1497 1572.795 1150.689 289.5618 1633.858 1150.689 356.7336 1572.795 1150.689 356.7336 1633.858 1150.689 356.7336 1633.858 1150.689 356.7336 1572.795 1150.689 289.5618 1633.858 1150.689 289.5618 1572.795 1150.689 288.1497 1633.858 1150.689 288.1497 1572.795 1150.689 289.5618 1572.795 1150.689 356.7336 1572.795 1246.149 289.5618 1633.858 1150.689 356.7336 1633.858 1150.689 289.5618 1633.858 1246.149 356.7336 1633.858 1246.149 356.7336 1633.858 1246.149 289.5618 1633.858 1150.689 356.7336 1633.858 1150.689 289.5618 1633.858 1246.149 289.5618 1633.858 1246.149 356.7336 1633.858 1150.689 669.252 1572.795 1150.689 669.252 1633.858 1150.689 669.252 1633.858 1150.689 669.252 1572.795 1150.689 669.252 1572.795 1248.405 669.252 1633.858 1150.689 740.5513 1633.858 1150.689 669.252 1633.858 1248.405 740.5513 1633.858 1248.405 740.5513 1633.858 1248.405 669.252 1633.858 1150.689 740.5513 1633.858 1150.689 669.252 1633.858 1248.405 669.252 1633.858 1248.405 740.5513 1633.858 1150.689 740.5513 1572.795 1150.689 740.5513 1633.858 1150.689 740.5513 1633.858 1150.689 740.5513 1572.795 491.7634 740.5513 1633.858 491.7634 740.5513 1572.795 491.7634 740.5513 1633.858 491.7634 740.5513 1572.795 491.7634 740.5513 1572.795 1248.405 740.5513 1572.795 1248.405 740.5513 1633.858 1248.405 740.5513 1633.858 1248.405 740.5513 1572.795 1248.405 740.5513 1572.795 491.7634 740.5513 1633.858 491.7634 673.3794 1572.795 491.7634 673.3794 1633.858 491.7634 740.5513 1572.795 491.7634 740.5513 1572.795 491.7634 740.5513 1633.858 491.7634 673.3794 1572.795 491.7634 673.3794 1633.858 491.7634 673.3794 1572.795 587.224 673.3794 1633.858 491.7634 673.3794 1572.795 587.224 673.3794 1572.795 491.7634 673.3794 1633.858 491.7634 673.3794 1633.858 587.224 673.3794 1633.858 491.7634 673.3794 1572.795 587.224 673.3794 1572.795 491.7634 355.3216 1633.858 587.224 355.3216 1572.795 491.7634 355.3216 1572.795 587.224 355.3216 1633.858 587.224 355.3216 1633.858 491.7634 355.3216 1633.858 587.224 355.3216 1572.795 491.7634 355.3216 1572.795 491.7634 355.3216 1572.795 491.7634 355.3216 1633.858 491.7634 288.1497 1572.795 491.7634 288.1497 1633.858 491.7634 355.3216 1572.795 491.7634 355.3216 1572.795 491.7634 355.3216 1633.858 491.7634 288.1497 1572.795 491.7634 288.1497 1633.858 491.7634 288.1497 1572.795 491.7634 288.1497 1572.795 491.7634 288.1497 1633.858 491.7634 288.1497 1633.858 491.7634 288.1497 1572.795 1246.149 289.5618 1633.858 1150.689 289.5618 1572.795 1246.149 289.5618 1572.795 1150.689 289.5618 1633.858 1150.689 289.5618 1633.858 1246.149 289.5618 1633.858 1150.689 289.5618 1572.795 1246.149 289.5618 1572.795 1246.149 289.5618 1572.795 1246.149 356.7336 1572.795 1246.149 289.5618 1633.858 1246.149 289.5618 1572.795 1246.149 356.7336 1633.858 1246.149 356.7336 1633.858 1246.149 356.7336 1572.795 1246.149 289.5618 1633.858 1246.149 289.5618 1572.795 1246.149 356.7336 1572.795 1150.689 356.7336 1633.858 1246.149 356.7336 1572.795 1150.689 356.7336 1572.795 1246.149 356.7336 1633.858 1246.149 356.7336 1633.858 1150.689 356.7336 1633.858 1246.149 356.7336 1572.795 1150.689 356.7336 1572.795 1248.405 669.252 1633.858 1150.689 669.252 1572.795 1248.405 669.252 1572.795 1150.689 669.252 1633.858 1150.689 669.252 1633.858 1248.405 669.252 1633.858 1150.689 669.252 1572.795 1248.405 669.252 1572.795 1248.405 669.252 1572.795 1248.405 740.5513 1572.795 1248.405 669.252 1633.858 1248.405 669.252 1572.795 1248.405 740.5513 1633.858 1248.405 740.5513 1633.858 1248.405 740.5513 1572.795 1248.405 669.252 1633.858 1248.405 669.252 1572.795</float_array>
                    <technique_common>
                        <accessor count="220" source="#ID267" stride="3">
                            <param name="X" type="float" />
                            <param name="Y" type="float" />
                            <param name="Z" type="float" />
                        </accessor>
                    </technique_common>
                </source>
                <source id="ID263">
                    <float_array id="ID268" count="660">1.837942e-16 2.732568e-17 1 1.837942e-16 2.732568e-17 1 1.837942e-16 2.732568e-17 1 1.837942e-16 2.732568e-17 1 1.837942e-16 2.732568e-17 1 1.837942e-16 2.732568e-17 1 1.837942e-16 2.732568e-17 1 1.837942e-16 2.732568e-17 1 1.837942e-16 2.732568e-17 1 -1.837942e-16 -2.732568e-17 -1 -1.837942e-16 -2.732568e-17 -1 -1.837942e-16 -2.732568e-17 -1 -1.837942e-16 -2.732568e-17 -1 -1.837942e-16 -2.732568e-17 -1 -1.837942e-16 -2.732568e-17 -1 -1.837942e-16 -2.732568e-17 -1 -1.837942e-16 -2.732568e-17 -1 -1.837942e-16 -2.732568e-17 -1 0 0 0 0 0 0 0 0 0 0 0 0 0 0 0 0 0 0 0 0 0 0 0 0 0 0 0 -0 1 -0 -0 1 -0 -0 1 -0 -0 1 -0 0 -1 0 0 -1 0 0 -1 0 0 -1 0 0 0 0 0 0 0 1.190929e-15 1.692477e-15 1 1.190929e-15 1.692477e-15 1 1.190929e-15 1.692477e-15 1 1.190929e-15 1.692477e-15 1 -1.190929e-15 -1.692477e-15 -1 -1.190929e-15 -1.692477e-15 -1 -1.190929e-15 -1.692477e-15 -1 -1.190929e-15 -1.692477e-15 -1 0 0 0 0 0 0 -1 0 0 -1 0 0 -1 0 0 -1 0 0 1 -0 -0 1 -0 -0 1 -0 -0 1 -0 -0 0 0 0 -1 0 0 -1 0 0 1 -0 -0 1 -0 -0 0 0 0 -0 -0 1 -0 -0 1 -0 -0 1 -0 -0 1 0 0 -1 0 0 -1 0 0 -1 0 0 -1 0 0 0 0 0 0 -1 0 0 -1 0 0 1 -0 -0 1 -0 -0 0 0 0 0 -1 0 0 -1 0 0 -1 0 0 -1 0 -0 1 -0 -0 1 -0 -0 1 -0 -0 1 -0 0 0 0 1 -0 -0 1 -0 -0 1 -0 -0 1 -0 -0 1 -0 -0 1 -0 -0 -1 0 0 -1 0 0 -1 0 0 -1 0 0 -1 0 0 -1 0 0 0 0 0 0 0 0 -0 -0 1 -0 -0 1 -0 -0 1 -0 -0 1 0 0 -1 0 0 -1 0 0 -1 0 0 -1 0 0 0 0 0 0 1 -0 -0 1 -0 -0 -1 0 0 -1 0 0 0 0 0 1.163435e-15 -1.594503e-15 1 1.163435e-15 -1.594503e-15 1 1.163435e-15 -1.594503e-15 1 1.163435e-15 -1.594503e-15 1 -1.163435e-15 1.594503e-15 -1 -1.163435e-15 1.594503e-15 -1 -1.163435e-15 1.594503e-15 -1 -1.163435e-15 1.594503e-15 -1 0 0 0 0 0 0 1 -0 -0 1 -0 -0 -1 0 0 -1 0 0 -0 1 -0 -0 1 -0 0 -1 0 0 -1 0 0 0 0 -0 1 -0 -0 1 -0 0 -1 0 0 -1 0 0 0 0 -1 -0 -0 -1 -0 -0 -1 -0 -0 -1 -0 -0 1 0 0 1 0 0 1 0 0 1 0 0 0 0 0 0 -1 0 0 -1 0 0 -1 0 0 -1 0 -0 1 -0 -0 1 -0 -0 1 -0 -0 1 -0 -0 1 -0 -0 1 -0 -0 1 -0 -0 1 -0 0 -1 0 0 -1 0 0 -1 0 0 -1 0 0 0 0 -1 -0 -0 -1 -0 -0 -1 -0 -0 -1 -0 -0 1 0 0 1 0 0 1 0 0 1 0 0 0 0 0 0 -1 0 0 -1 0 -0 1 -0 -0 1 -0 0 -1 0 0 -1 0 0 -1 0 0 -1 0 -0 1 -0 -0 1 -0 -0 1 -0 -0 1 -0 0 0 0 1 -0 0 1 -0 0 1 -0 0 1 -0 0 -1 0 -0 -1 0 -0 -1 0 -0 -1 0 -0 0 0 0 -0 1 -0 -0 1 -0 -0 1 -0 -0 1 -0 0 -1 0 0 -1 0 0 -1 0 0 -1 0 0 -1 0 0 -1 0 0 -1 0 0 -1 0 -0 1 -0 -0 1 -0 -0 1 -0 -0 1 -0 0 0 0 1 -0 0 1 -0 0 1 -0 0 1 -0 0 -1 0 -0 -1 0 -0 -1 0 -0 -1 0 -0</float_array>
                    <technique_common>
                        <accessor count="220" source="#ID268" stride="3">
                            <param name="X" type="float" />
                            <param name="Y" type="float" />
                            <param name="Z" type="float" />
                        </accessor>
                    </technique_common>
                </source>
                <source id="ID264">
                    <Name_array id="ID270" count="0" />
                    <technique_common>
                        <accessor count="0" source="#ID270" stride="1">
                            <param name="skp_material" type="Name" />
                        </accessor>
                    </technique_common>
                </source>
                <source id="ID266">
                    <float_array id="ID269" count="168">0.6588891 0.2368399 0.3158731 0.3147289 0.3158731 0.2368399 0.3158731 0.683532 0.3158731 0.7614209 0.6588891 0.7614209 0.6588891 0.2384773 0.6588891 0.3163662 0.6588891 0.6787461 -0.3990866 1.797253 -0.7421026 1.726447 -0.3990866 1.726447 -0.7421026 1.797253 0.717002 0.2384773 0.6588891 0.3163662 0.6588891 0.2384773 0.717002 0.3163662 -0.09129763 1.352198 -0.05040592 1.281393 -0.05040592 1.352198 -0.09129763 1.281393 -0.4515348 1.797253 -0.2579131 1.726447 -0.2579131 1.797253 -0.4515348 1.726447 0.717002 0.2384773 0.6588891 0.2384773 0.717002 0.3163662 0.1432157 1.79889 0.1841074 1.728085 0.1841074 1.79889 0.1432157 1.728085 0.6588891 1.797253 0.3158731 1.726447 0.6588891 1.726447 0.3158731 1.797253 0.1346675 1.726447 0.1338079 1.797253 0.1338079 1.726447 0.1346675 1.797253 0.1755593 1.726447 0.1755593 1.797253 0.717002 0.2384773 0.6588891 0.3163662 0.6588891 0.2384773 0.717002 0.3163662 0.3658087 1.726447 0.3658087 1.797253 0.7183753 0.6787461 0.6588891 0.7614209 0.7183753 0.7614209 0.409213 1.726447 0.409213 1.797253 0.06015504 1.352198 0.002042208 1.281393 0.06015504 1.281393 0.002042208 1.352198 -0.8015888 1.726447 -0.8015888 1.797253 -0.09129763 1.352198 0.717002 1.352198 0.6588891 1.281393 0.717002 1.281393 0.6588891 1.352198 0.06015504 1.79889 0.002042208 1.728085 0.06015504 1.728085 0.002042208 1.79889 0.717002 1.79889 0.6588891 1.728085 0.717002 1.728085 0.6588891 1.79889 -0.2587727 1.797253 -0.217881 1.726447 -0.217881 1.797253 -0.2587727 1.726447 0.717002 1.797253 0.717002 1.726447 -0.8002155 1.726447 -0.8002155 1.797253 0.7183753 1.797253 0.7183753 1.726447 0.6588891 1.797253 0.409213 1.797253</float_array>
                    <technique_common>
                        <accessor count="84" source="#ID269" stride="2">
                            <param name="S" type="float" />
                            <param name="T" type="float" />
                        </accessor>
                    </technique_common>
                </source>
                <vertices id="ID265">
                    <input semantic="POSITION" source="#ID262" />
                    <input semantic="NORMAL" source="#ID263" />
                </vertices>
                <triangles count="59" material="Material3">
                    <input offset="0" semantic="VERTEX" source="#ID265" />
                    <input offset="1" semantic="TEXCOORD" source="#ID266" />
                    <p>0 0 1 1 2 2 1 1 0 0 3 3 3 3 0 0 4 4 4 4 0 0 5 5 5 5 0 0 6 6 5 5 6 6 7 7 5 5 7 7 8 8 27 9 28 10 29 11 28 10 27 9 30 12 37 13 38 14 39 15 38 14 37 13 40 16 47 17 48 18 49 19 48 18 47 17 50 20 49 21 56 22 57 23 56 22 49 21 48 24 61 25 62 14 63 26 62 14 61 25 64 27 57 28 71 29 72 30 71 29 57 28 56 31 76 32 77 33 78 34 77 33 76 32 79 35 85 36 86 37 87 38 86 37 85 36 88 39 88 39 85 36 89 40 88 39 89 40 90 41 99 42 100 43 101 44 100 43 99 42 102 45 109 46 90 41 89 40 90 41 109 46 110 47 114 48 115 49 116 8 115 49 114 48 117 50 124 51 110 47 109 46 110 47 124 51 125 52 128 53 29 54 129 55 29 54 128 53 27 56 30 12 133 57 28 10 133 57 30 12 134 58 138 59 139 18 140 19 139 18 138 59 141 20 147 60 148 61 149 62 148 61 147 60 150 63 155 64 156 65 157 66 156 65 155 64 158 67 164 28 165 29 166 30 165 29 164 28 167 31 79 68 173 69 77 70 173 69 79 68 174 71 91 72 94 73 93 74 94 73 91 72 92 75 177 76 178 34 179 77 178 34 177 76 180 32 186 40 187 39 188 36 187 39 186 40 189 41 195 12 196 78 197 10 196 78 195 12 198 79 203 80 204 34 205 81 204 34 203 80 206 82 212 51 213 47 214 46 213 47 212 51 215 83</p>
                </triangles>
                <triangles count="59" material="Material2">
                    <input offset="0" semantic="VERTEX" source="#ID265" />
                    <p>9 10 11 10 12 11 12 13 11 11 13 14 14 13 15 15 13 16 17 16 13 31 32 33 34 33 32 41 42 43 44 43 42 51 52 53 54 53 52 53 54 58 59 58 54 65 66 67 68 67 66 58 59 73 74 73 59 80 81 82 83 82 81 91 92 93 92 94 93 93 94 95 96 95 94 103 104 105 106 105 104 111 112 91 92 91 112 118 119 120 121 120 119 126 127 111 112 111 127 32 130 34 131 34 130 135 31 136 33 136 31 142 143 144 145 144 143 151 152 153 154 153 152 159 160 161 162 161 160 168 169 170 171 170 169 175 80 176 82 176 80 89 90 85 88 85 90 181 182 183 184 183 182 190 191 192 193 192 191 199 200 201 202 201 200 207 208 209 210 209 208 216 217 218 219 218 217</p>
                </triangles>
                <lines count="59" material="Material4">
                    <input offset="0" semantic="VERTEX" source="#ID265" />
                    <p>18 19 19 20 20 21 21 22 22 23 23 24 24 25 25 26 26 18 35 36 36 19 35 18 45 46 20 45 46 19 36 55 55 20 60 21 55 60 69 70 22 69 70 21 60 75 75 22 75 84 84 23 97 98 98 25 84 97 107 24 108 107 25 108 113 26 98 113 122 26 123 122 18 123 113 35 132 36 132 46 35 137 137 123 146 132 146 45 55 146 163 60 163 70 172 163 172 69 75 172 97 24 185 97 185 107 194 185 194 108 98 194 211 113 211 122 137 211</p>
                </lines>
            </mesh>
        </geometry>
        <geometry id="ID271">
            <mesh>
                <source id="ID272">
                    <float_array id="ID276" count="81">1150.689 288.1497 1572.795 587.224 355.3216 1572.795 587.224 288.1497 1572.795 587.224 673.3794 1572.795 587.224 740.5513 1572.795 1150.689 740.5513 1572.795 1150.689 289.5618 1572.795 1150.689 356.7336 1572.795 1150.689 669.252 1572.795 1150.689 669.252 1572.795 1150.689 356.7336 1572.795 1150.689 740.5513 1572.795 1150.689 289.5618 1572.795 1150.689 288.1497 1572.795 587.224 740.5513 1572.795 587.224 673.3794 1572.795 587.224 355.3216 1572.795 587.224 288.1497 1572.795 1150.689 356.7336 1572.795 1150.689 669.252 1572.795 1150.689 740.5513 1572.795 587.224 740.5513 1572.795 587.224 673.3794 1572.795 587.224 355.3216 1572.795 587.224 288.1497 1572.795 1150.689 288.1497 1572.795 1150.689 289.5618 1572.795</float_array>
                    <technique_common>
                        <accessor count="27" source="#ID276" stride="3">
                            <param name="X" type="float" />
                            <param name="Y" type="float" />
                            <param name="Z" type="float" />
                        </accessor>
                    </technique_common>
                </source>
                <source id="ID273">
                    <float_array id="ID277" count="81">-0 -0 1 -0 -0 1 -0 -0 1 -0 -0 1 -0 -0 1 -0 -0 1 -0 -0 1 -0 -0 1 -0 -0 1 0 0 -1 0 0 -1 0 0 -1 0 0 -1 0 0 -1 0 0 -1 0 0 -1 0 0 -1 0 0 -1 0 0 0 0 0 0 0 0 0 0 0 0 0 0 0 0 0 0 0 0 0 0 0 0 0 0 0</float_array>
                    <technique_common>
                        <accessor count="27" source="#ID277" stride="3">
                            <param name="X" type="float" />
                            <param name="Y" type="float" />
                            <param name="Z" type="float" />
                        </accessor>
                    </technique_common>
                </source>
                <source id="ID274">
                    <Name_array id="ID278" count="0" />
                    <technique_common>
                        <accessor count="0" source="#ID278" stride="1">
                            <param name="skp_material" type="Name" />
                        </accessor>
                    </technique_common>
                </source>
                <vertices id="ID275">
                    <input semantic="POSITION" source="#ID272" />
                    <input semantic="NORMAL" source="#ID273" />
                </vertices>
                <triangles count="7" material="Material2">
                    <input offset="0" semantic="VERTEX" source="#ID275" />
                    <p>0 1 2 1 0 3 3 0 4 4 0 5 5 0 6 5 6 7 5 7 8</p>
                </triangles>
                <triangles count="7" material="Material3">
                    <input offset="0" semantic="VERTEX" source="#ID275" />
                    <p>9 10 11 10 12 11 12 13 11 11 13 14 14 13 15 15 13 16 17 16 13</p>
                </triangles>
                <lines count="9" material="Material4">
                    <input offset="0" semantic="VERTEX" source="#ID275" />
                    <p>18 19 19 20 20 21 21 22 22 23 23 24 24 25 25 26 26 18</p>
                </lines>
            </mesh>
        </geometry>
    </library_geometries>
    <library_materials>
        <material id="ID5" name="material">
            <instance_effect url="#ID4" />
        </material>
        <material id="ID11" name="material_0">
            <instance_effect url="#ID10" />
        </material>
        <material id="ID12" name="edge_color000255">
            <instance_effect url="#ID13" />
        </material>
        <material id="ID18" name="arc-de-triomphe">
            <instance_effect url="#ID19" />
        </material>
        <material id="ID33" name="Arc_de_triomphe2">
            <instance_effect url="#ID34" />
        </material>
        <material id="ID66" name="Arc_de_triomphe">
            <instance_effect url="#ID67" />
        </material>
        <material id="ID217" name="Arc_de_triomphe1">
            <instance_effect url="#ID218" />
        </material>
    </library_materials>
    <library_effects>
        <effect id="ID4">
            <profile_COMMON>
                <technique sid="COMMON">
                    <lambert>
                        <diffuse>
                            <color>1 1 1 1</color>
                        </diffuse>
                    </lambert>
                </technique>
            </profile_COMMON>
        </effect>
        <effect id="ID10">
            <profile_COMMON>
                <technique sid="COMMON">
                    <lambert>
                        <diffuse>
                            <color>0.6705882 0.6901961 0.8 1</color>
                        </diffuse>
                    </lambert>
                </technique>
            </profile_COMMON>
        </effect>
        <effect id="ID13">
            <profile_COMMON>
                <technique sid="COMMON">
                    <constant>
                        <transparent opaque="A_ONE">
                            <color>0 0 0 1</color>
                        </transparent>
                        <transparency>
                            <float>1</float>
                        </transparency>
                    </constant>
                </technique>
            </profile_COMMON>
        </effect>
        <effect id="ID19">
            <profile_COMMON>
                <newparam sid="ID21">
                    <surface type="2D">
                        <init_from>ID20</init_from>
                    </surface>
                </newparam>
                <newparam sid="ID22">
                    <sampler2D>
                        <source>ID21</source>
                    </sampler2D>
                </newparam>
                <technique sid="COMMON">
                    <lambert>
                        <diffuse>
                            <texture texture="ID22" texcoord="UVSET0" />
                        </diffuse>
                    </lambert>
                </technique>
            </profile_COMMON>
        </effect>
        <effect id="ID34">
            <profile_COMMON>
                <newparam sid="ID36">
                    <surface type="2D">
                        <init_from>ID35</init_from>
                    </surface>
                </newparam>
                <newparam sid="ID37">
                    <sampler2D>
                        <source>ID36</source>
                    </sampler2D>
                </newparam>
                <technique sid="COMMON">
                    <lambert>
                        <diffuse>
                            <texture texture="ID37" texcoord="UVSET0" />
                        </diffuse>
                    </lambert>
                </technique>
            </profile_COMMON>
        </effect>
        <effect id="ID67">
            <profile_COMMON>
                <newparam sid="ID69">
                    <surface type="2D">
                        <init_from>ID68</init_from>
                    </surface>
                </newparam>
                <newparam sid="ID70">
                    <sampler2D>
                        <source>ID69</source>
                    </sampler2D>
                </newparam>
                <technique sid="COMMON">
                    <lambert>
                        <diffuse>
                            <texture texture="ID70" texcoord="UVSET0" />
                        </diffuse>
                    </lambert>
                </technique>
            </profile_COMMON>
        </effect>
        <effect id="ID218">
            <profile_COMMON>
                <newparam sid="ID220">
                    <surface type="2D">
                        <init_from>ID219</init_from>
                    </surface>
                </newparam>
                <newparam sid="ID221">
                    <sampler2D>
                        <source>ID220</source>
                    </sampler2D>
                </newparam>
                <technique sid="COMMON">
                    <lambert>
                        <diffuse>
                            <texture texture="ID221" texcoord="UVSET0" />
                        </diffuse>
                    </lambert>
                </technique>
            </profile_COMMON>
        </effect>
    </library_effects>
    <library_images>
        <image id="ID20">
            <init_from>model/arc-de-triomphe.jpg</init_from>
        </image>
        <image id="ID35">
            <init_from>model/Arc_de_triomphe2.jpg</init_from>
        </image>
        <image id="ID68">
            <init_from>model/Arc_de_triomphe.jpg</init_from>
        </image>
        <image id="ID219">
            <init_from>model/Arc_de_triomphe1.jpg</init_from>
        </image>
    </library_images>
    <scene>
        <instance_visual_scene url="#ID2" />
    </scene>
</COLLADA>
